/*
Navicat MySQL Data Transfer

Source Server         : www
Source Server Version : 50540
Source Host           : localhost:3306
Source Database       : shopping

Target Server Type    : MYSQL
Target Server Version : 50540
File Encoding         : 65001

Date: 2018-06-01 15:16:39
*/

SET FOREIGN_KEY_CHECKS=0;

-- ----------------------------
-- Table structure for shop_address
-- ----------------------------
DROP TABLE IF EXISTS `shop_address`;
CREATE TABLE `shop_address` (
  `id` int(10) unsigned NOT NULL AUTO_INCREMENT,
  `user_id` int(11) NOT NULL,
  `province` varchar(32) NOT NULL,
  `town` varchar(32) DEFAULT NULL,
  `area` varchar(32) NOT NULL,
  `address` varchar(255) NOT NULL,
  `tel` varchar(11) NOT NULL,
  `zip_code` varchar(10) NOT NULL,
  `real_name` varchar(10) NOT NULL,
  PRIMARY KEY (`id`)
) ENGINE=MyISAM AUTO_INCREMENT=4 DEFAULT CHARSET=utf8;

-- ----------------------------
-- Records of shop_address
-- ----------------------------
INSERT INTO `shop_address` VALUES ('1', '6', '河北省', '保定市', '新市区', '天威路直隶花园5-2-1011', '17822843934', '071100', '张三');
INSERT INTO `shop_address` VALUES ('2', '6', '吉林省', '辽源市', '西安区', '12切4', '17822843934', ' 11111', '李四');
INSERT INTO `shop_address` VALUES ('3', '6', '湖南省', '衡阳市', '雁峰区', '裕华路', '42345234523', '11111', '张三');

-- ----------------------------
-- Table structure for shop_admin
-- ----------------------------
DROP TABLE IF EXISTS `shop_admin`;
CREATE TABLE `shop_admin` (
  `id` int(11) unsigned NOT NULL AUTO_INCREMENT,
  `username` varchar(30) NOT NULL,
  `password` varchar(50) NOT NULL,
  `sort` int(1) NOT NULL DEFAULT '1',
  `role_id` int(11) NOT NULL,
  `create_time` int(11) NOT NULL,
  `update_time` int(11) NOT NULL,
  PRIMARY KEY (`id`)
) ENGINE=InnoDB AUTO_INCREMENT=14 DEFAULT CHARSET=utf32;

-- ----------------------------
-- Records of shop_admin
-- ----------------------------
INSERT INTO `shop_admin` VALUES ('1', 'aaaaaa', '123456', '1', '1', '1521011947', '1521011947');
INSERT INTO `shop_admin` VALUES ('2', 'bbbbbb', '123456', '1', '2', '1521011947', '1521011947');
INSERT INTO `shop_admin` VALUES ('3', 'ccccccc', '123456', '1', '2', '1521011947', '1521011947');
INSERT INTO `shop_admin` VALUES ('4', 'dddddd', '111111', '1', '4', '1521011947', '1521011947');
INSERT INTO `shop_admin` VALUES ('5', 'eeeeee', '30d8e5a407d7ecb4868387cc3529f6b9', '1', '1', '1521012237', '1521012237');
INSERT INTO `shop_admin` VALUES ('8', 'admin1111', '074fd28eff0f5adea071694061739e55', '1', '5', '1521016317', '1521016317');
INSERT INTO `shop_admin` VALUES ('9', 'admin3222', '17e94cd7242c7f3b9022eacf5855fe91', '1', '2', '1521016607', '1521017024');
INSERT INTO `shop_admin` VALUES ('10', 'admin22222', '7c497868c9e6d3e4cf2e87396372cd3b', '1', '2', '1521093795', '1521093795');
INSERT INTO `shop_admin` VALUES ('11', 'admin55555', '0687b8866cf13d6eeed51336cfc0365c', '1', '1', '1521095164', '1521095164');
INSERT INTO `shop_admin` VALUES ('12', 'admin66666', 'e823be777ac3d8b1052e62c96c965049', '1', '3', '1521095556', '1521095556');
INSERT INTO `shop_admin` VALUES ('13', 'admin444444', 'e8360051233c63e47c98545f9e2baae2', '1', '6', '1521095600', '1521095600');

-- ----------------------------
-- Table structure for shop_brand
-- ----------------------------
DROP TABLE IF EXISTS `shop_brand`;
CREATE TABLE `shop_brand` (
  `id` int(11) unsigned NOT NULL AUTO_INCREMENT,
  `title` varchar(255) NOT NULL,
  `logo` varchar(100) NOT NULL,
  `site` varchar(255) NOT NULL,
  `sort` int(1) NOT NULL DEFAULT '0',
  `create_time` int(11) NOT NULL,
  `update_time` int(11) NOT NULL,
  PRIMARY KEY (`id`)
) ENGINE=InnoDB AUTO_INCREMENT=6 DEFAULT CHARSET=utf32;

-- ----------------------------
-- Records of shop_brand
-- ----------------------------
INSERT INTO `shop_brand` VALUES ('1', '苹果', 'http://localhost/shopping/public/uploads/20180314\\0b7810955cb1de4351ba0b68f9fb5622.jpg', 'http://apple.com', '0', '1521026958', '1521026958');
INSERT INTO `shop_brand` VALUES ('3', '小米', 'http://localhost/shopping/public/uploads/20180314\\94f06a4954314e32e6b4ad3f2f0f50b7.jpg', 'http://mi.com', '0', '1521027832', '1521027832');
INSERT INTO `shop_brand` VALUES ('4', '华为', 'http://localhost/shopping/public/uploads/20180314\\0c5ff0eec13452c400db899da4b12576.jpg', 'http://huawei.com', '0', '1521028535', '1521028535');
INSERT INTO `shop_brand` VALUES ('5', '红米', 'http://localhost/shopping/public/uploads/20180314\\1cc5b94a1230d225531a58cf0096af0a.jpg', 'http://Hongmi.com', '0', '1521030061', '1521030061');

-- ----------------------------
-- Table structure for shop_city
-- ----------------------------
DROP TABLE IF EXISTS `shop_city`;
CREATE TABLE `shop_city` (
  `id` int(10) unsigned NOT NULL AUTO_INCREMENT,
  `title` varchar(128) NOT NULL DEFAULT '',
  `parent_id` int(10) unsigned NOT NULL DEFAULT '0',
  PRIMARY KEY (`id`)
) ENGINE=InnoDB AUTO_INCREMENT=5001 DEFAULT CHARSET=utf8;

-- ----------------------------
-- Records of shop_city
-- ----------------------------
INSERT INTO `shop_city` VALUES ('1', '中国', '0');
INSERT INTO `shop_city` VALUES ('2', '北京市', '1');
INSERT INTO `shop_city` VALUES ('3', '天津市', '1');
INSERT INTO `shop_city` VALUES ('4', '河北省', '1');
INSERT INTO `shop_city` VALUES ('5', '山西省', '1');
INSERT INTO `shop_city` VALUES ('6', '内蒙古自治区', '1');
INSERT INTO `shop_city` VALUES ('7', '辽宁省', '1');
INSERT INTO `shop_city` VALUES ('8', '吉林省', '1');
INSERT INTO `shop_city` VALUES ('9', '黑龙江省', '1');
INSERT INTO `shop_city` VALUES ('10', '上海市', '1');
INSERT INTO `shop_city` VALUES ('11', '江苏省', '1');
INSERT INTO `shop_city` VALUES ('12', '浙江省', '1');
INSERT INTO `shop_city` VALUES ('13', '安徽省', '1');
INSERT INTO `shop_city` VALUES ('14', '福建省', '1');
INSERT INTO `shop_city` VALUES ('15', '江西省', '1');
INSERT INTO `shop_city` VALUES ('16', '山东省', '1');
INSERT INTO `shop_city` VALUES ('17', '河南省', '1');
INSERT INTO `shop_city` VALUES ('18', '湖北省', '1');
INSERT INTO `shop_city` VALUES ('19', '湖南省', '1');
INSERT INTO `shop_city` VALUES ('20', '广东省', '1');
INSERT INTO `shop_city` VALUES ('21', '广西壮族自治区', '1');
INSERT INTO `shop_city` VALUES ('22', '海南省', '1');
INSERT INTO `shop_city` VALUES ('23', '重庆市', '1');
INSERT INTO `shop_city` VALUES ('24', '四川省', '1');
INSERT INTO `shop_city` VALUES ('25', '贵州省', '1');
INSERT INTO `shop_city` VALUES ('26', '云南省', '1');
INSERT INTO `shop_city` VALUES ('27', '西藏自治区', '1');
INSERT INTO `shop_city` VALUES ('28', '陕西省', '1');
INSERT INTO `shop_city` VALUES ('29', '甘肃省', '1');
INSERT INTO `shop_city` VALUES ('30', '青海省', '1');
INSERT INTO `shop_city` VALUES ('31', '宁夏回族自治区', '1');
INSERT INTO `shop_city` VALUES ('32', '新疆维吾尔自治区', '1');
INSERT INTO `shop_city` VALUES ('33', '市辖区', '2');
INSERT INTO `shop_city` VALUES ('34', '县', '2');
INSERT INTO `shop_city` VALUES ('35', '市辖区', '3');
INSERT INTO `shop_city` VALUES ('36', '县', '3');
INSERT INTO `shop_city` VALUES ('37', '石家庄市', '4');
INSERT INTO `shop_city` VALUES ('38', '唐山市', '4');
INSERT INTO `shop_city` VALUES ('39', '秦皇岛市', '4');
INSERT INTO `shop_city` VALUES ('40', '邯郸市', '4');
INSERT INTO `shop_city` VALUES ('41', '邢台市', '4');
INSERT INTO `shop_city` VALUES ('42', '保定市', '4');
INSERT INTO `shop_city` VALUES ('43', '张家口市', '4');
INSERT INTO `shop_city` VALUES ('44', '承德市', '4');
INSERT INTO `shop_city` VALUES ('45', '沧州市', '4');
INSERT INTO `shop_city` VALUES ('46', '廊坊市', '4');
INSERT INTO `shop_city` VALUES ('47', '衡水市', '4');
INSERT INTO `shop_city` VALUES ('48', '太原市', '5');
INSERT INTO `shop_city` VALUES ('49', '大同市', '5');
INSERT INTO `shop_city` VALUES ('50', '阳泉市', '5');
INSERT INTO `shop_city` VALUES ('51', '长治市', '5');
INSERT INTO `shop_city` VALUES ('52', '晋城市', '5');
INSERT INTO `shop_city` VALUES ('53', '朔州市', '5');
INSERT INTO `shop_city` VALUES ('54', '晋中市', '5');
INSERT INTO `shop_city` VALUES ('55', '运城市', '5');
INSERT INTO `shop_city` VALUES ('56', '忻州市', '5');
INSERT INTO `shop_city` VALUES ('57', '临汾市', '5');
INSERT INTO `shop_city` VALUES ('58', '吕梁市', '5');
INSERT INTO `shop_city` VALUES ('59', '呼和浩特市', '6');
INSERT INTO `shop_city` VALUES ('60', '包头市', '6');
INSERT INTO `shop_city` VALUES ('61', '乌海市', '6');
INSERT INTO `shop_city` VALUES ('62', '赤峰市', '6');
INSERT INTO `shop_city` VALUES ('63', '通辽市', '6');
INSERT INTO `shop_city` VALUES ('64', '鄂尔多斯市', '6');
INSERT INTO `shop_city` VALUES ('65', '呼伦贝尔市', '6');
INSERT INTO `shop_city` VALUES ('66', '巴彦淖尔市', '6');
INSERT INTO `shop_city` VALUES ('67', '乌兰察布市', '6');
INSERT INTO `shop_city` VALUES ('68', '兴安盟', '6');
INSERT INTO `shop_city` VALUES ('69', '锡林郭勒盟', '6');
INSERT INTO `shop_city` VALUES ('70', '阿拉善盟', '6');
INSERT INTO `shop_city` VALUES ('71', '沈阳市', '7');
INSERT INTO `shop_city` VALUES ('72', '大连市', '7');
INSERT INTO `shop_city` VALUES ('73', '鞍山市', '7');
INSERT INTO `shop_city` VALUES ('74', '抚顺市', '7');
INSERT INTO `shop_city` VALUES ('75', '本溪市', '7');
INSERT INTO `shop_city` VALUES ('76', '丹东市', '7');
INSERT INTO `shop_city` VALUES ('77', '锦州市', '7');
INSERT INTO `shop_city` VALUES ('78', '营口市', '7');
INSERT INTO `shop_city` VALUES ('79', '阜新市', '7');
INSERT INTO `shop_city` VALUES ('80', '辽阳市', '7');
INSERT INTO `shop_city` VALUES ('81', '盘锦市', '7');
INSERT INTO `shop_city` VALUES ('82', '铁岭市', '7');
INSERT INTO `shop_city` VALUES ('83', '朝阳市', '7');
INSERT INTO `shop_city` VALUES ('84', '葫芦岛市', '7');
INSERT INTO `shop_city` VALUES ('85', '长春市', '8');
INSERT INTO `shop_city` VALUES ('86', '吉林市', '8');
INSERT INTO `shop_city` VALUES ('87', '四平市', '8');
INSERT INTO `shop_city` VALUES ('88', '辽源市', '8');
INSERT INTO `shop_city` VALUES ('89', '通化市', '8');
INSERT INTO `shop_city` VALUES ('90', '白山市', '8');
INSERT INTO `shop_city` VALUES ('91', '松原市', '8');
INSERT INTO `shop_city` VALUES ('92', '白城市', '8');
INSERT INTO `shop_city` VALUES ('93', '延边朝鲜族自治州', '8');
INSERT INTO `shop_city` VALUES ('94', '哈尔滨市', '9');
INSERT INTO `shop_city` VALUES ('95', '齐齐哈尔市', '9');
INSERT INTO `shop_city` VALUES ('96', '鸡西市', '9');
INSERT INTO `shop_city` VALUES ('97', '鹤岗市', '9');
INSERT INTO `shop_city` VALUES ('98', '双鸭山市', '9');
INSERT INTO `shop_city` VALUES ('99', '大庆市', '9');
INSERT INTO `shop_city` VALUES ('100', '伊春市', '9');
INSERT INTO `shop_city` VALUES ('101', '佳木斯市', '9');
INSERT INTO `shop_city` VALUES ('102', '七台河市', '9');
INSERT INTO `shop_city` VALUES ('103', '牡丹江市', '9');
INSERT INTO `shop_city` VALUES ('104', '黑河市', '9');
INSERT INTO `shop_city` VALUES ('105', '绥化市', '9');
INSERT INTO `shop_city` VALUES ('106', '大兴安岭地区', '9');
INSERT INTO `shop_city` VALUES ('107', '市辖区', '10');
INSERT INTO `shop_city` VALUES ('108', '县', '10');
INSERT INTO `shop_city` VALUES ('109', '南京市', '11');
INSERT INTO `shop_city` VALUES ('110', '无锡市', '11');
INSERT INTO `shop_city` VALUES ('111', '徐州市', '11');
INSERT INTO `shop_city` VALUES ('112', '常州市', '11');
INSERT INTO `shop_city` VALUES ('113', '苏州市', '11');
INSERT INTO `shop_city` VALUES ('114', '南通市', '11');
INSERT INTO `shop_city` VALUES ('115', '连云港市', '11');
INSERT INTO `shop_city` VALUES ('116', '淮安市', '11');
INSERT INTO `shop_city` VALUES ('117', '盐城市', '11');
INSERT INTO `shop_city` VALUES ('118', '扬州市', '11');
INSERT INTO `shop_city` VALUES ('119', '镇江市', '11');
INSERT INTO `shop_city` VALUES ('120', '泰州市', '11');
INSERT INTO `shop_city` VALUES ('121', '宿迁市', '11');
INSERT INTO `shop_city` VALUES ('122', '杭州市', '12');
INSERT INTO `shop_city` VALUES ('123', '宁波市', '12');
INSERT INTO `shop_city` VALUES ('124', '温州市', '12');
INSERT INTO `shop_city` VALUES ('125', '嘉兴市', '12');
INSERT INTO `shop_city` VALUES ('126', '湖州市', '12');
INSERT INTO `shop_city` VALUES ('127', '绍兴市', '12');
INSERT INTO `shop_city` VALUES ('128', '金华市', '12');
INSERT INTO `shop_city` VALUES ('129', '衢州市', '12');
INSERT INTO `shop_city` VALUES ('130', '舟山市', '12');
INSERT INTO `shop_city` VALUES ('131', '台州市', '12');
INSERT INTO `shop_city` VALUES ('132', '丽水市', '12');
INSERT INTO `shop_city` VALUES ('133', '合肥市', '13');
INSERT INTO `shop_city` VALUES ('134', '芜湖市', '13');
INSERT INTO `shop_city` VALUES ('135', '蚌埠市', '13');
INSERT INTO `shop_city` VALUES ('136', '淮南市', '13');
INSERT INTO `shop_city` VALUES ('137', '马鞍山市', '13');
INSERT INTO `shop_city` VALUES ('138', '淮北市', '13');
INSERT INTO `shop_city` VALUES ('139', '铜陵市', '13');
INSERT INTO `shop_city` VALUES ('140', '安庆市', '13');
INSERT INTO `shop_city` VALUES ('141', '黄山市', '13');
INSERT INTO `shop_city` VALUES ('142', '滁州市', '13');
INSERT INTO `shop_city` VALUES ('143', '阜阳市', '13');
INSERT INTO `shop_city` VALUES ('144', '宿州市', '13');
INSERT INTO `shop_city` VALUES ('145', '巢湖市', '13');
INSERT INTO `shop_city` VALUES ('146', '六安市', '13');
INSERT INTO `shop_city` VALUES ('147', '亳州市', '13');
INSERT INTO `shop_city` VALUES ('148', '池州市', '13');
INSERT INTO `shop_city` VALUES ('149', '宣城市', '13');
INSERT INTO `shop_city` VALUES ('150', '福州市', '14');
INSERT INTO `shop_city` VALUES ('151', '厦门市', '14');
INSERT INTO `shop_city` VALUES ('152', '莆田市', '14');
INSERT INTO `shop_city` VALUES ('153', '三明市', '14');
INSERT INTO `shop_city` VALUES ('154', '泉州市', '14');
INSERT INTO `shop_city` VALUES ('155', '漳州市', '14');
INSERT INTO `shop_city` VALUES ('156', '南平市', '14');
INSERT INTO `shop_city` VALUES ('157', '龙岩市', '14');
INSERT INTO `shop_city` VALUES ('158', '宁德市', '14');
INSERT INTO `shop_city` VALUES ('159', '南昌市', '15');
INSERT INTO `shop_city` VALUES ('160', '景德镇市', '15');
INSERT INTO `shop_city` VALUES ('161', '萍乡市', '15');
INSERT INTO `shop_city` VALUES ('162', '九江市', '15');
INSERT INTO `shop_city` VALUES ('163', '新余市', '15');
INSERT INTO `shop_city` VALUES ('164', '鹰潭市', '15');
INSERT INTO `shop_city` VALUES ('165', '赣州市', '15');
INSERT INTO `shop_city` VALUES ('166', '吉安市', '15');
INSERT INTO `shop_city` VALUES ('167', '宜春市', '15');
INSERT INTO `shop_city` VALUES ('168', '抚州市', '15');
INSERT INTO `shop_city` VALUES ('169', '上饶市', '15');
INSERT INTO `shop_city` VALUES ('170', '济南市', '16');
INSERT INTO `shop_city` VALUES ('171', '青岛市', '16');
INSERT INTO `shop_city` VALUES ('172', '淄博市', '16');
INSERT INTO `shop_city` VALUES ('173', '枣庄市', '16');
INSERT INTO `shop_city` VALUES ('174', '东营市', '16');
INSERT INTO `shop_city` VALUES ('175', '烟台市', '16');
INSERT INTO `shop_city` VALUES ('176', '潍坊市', '16');
INSERT INTO `shop_city` VALUES ('177', '济宁市', '16');
INSERT INTO `shop_city` VALUES ('178', '泰安市', '16');
INSERT INTO `shop_city` VALUES ('179', '威海市', '16');
INSERT INTO `shop_city` VALUES ('180', '日照市', '16');
INSERT INTO `shop_city` VALUES ('181', '莱芜市', '16');
INSERT INTO `shop_city` VALUES ('182', '临沂市', '16');
INSERT INTO `shop_city` VALUES ('183', '德州市', '16');
INSERT INTO `shop_city` VALUES ('184', '聊城市', '16');
INSERT INTO `shop_city` VALUES ('185', '滨州市', '16');
INSERT INTO `shop_city` VALUES ('186', '菏泽市', '16');
INSERT INTO `shop_city` VALUES ('187', '郑州市', '17');
INSERT INTO `shop_city` VALUES ('188', '开封市', '17');
INSERT INTO `shop_city` VALUES ('189', '洛阳市', '17');
INSERT INTO `shop_city` VALUES ('190', '平顶山市', '17');
INSERT INTO `shop_city` VALUES ('191', '安阳市', '17');
INSERT INTO `shop_city` VALUES ('192', '鹤壁市', '17');
INSERT INTO `shop_city` VALUES ('193', '新乡市', '17');
INSERT INTO `shop_city` VALUES ('194', '焦作市', '17');
INSERT INTO `shop_city` VALUES ('195', '濮阳市', '17');
INSERT INTO `shop_city` VALUES ('196', '许昌市', '17');
INSERT INTO `shop_city` VALUES ('197', '漯河市', '17');
INSERT INTO `shop_city` VALUES ('198', '三门峡市', '17');
INSERT INTO `shop_city` VALUES ('199', '南阳市', '17');
INSERT INTO `shop_city` VALUES ('200', '商丘市', '17');
INSERT INTO `shop_city` VALUES ('201', '信阳市', '17');
INSERT INTO `shop_city` VALUES ('202', '周口市', '17');
INSERT INTO `shop_city` VALUES ('203', '驻马店市', '17');
INSERT INTO `shop_city` VALUES ('204', '武汉市', '18');
INSERT INTO `shop_city` VALUES ('205', '黄石市', '18');
INSERT INTO `shop_city` VALUES ('206', '十堰市', '18');
INSERT INTO `shop_city` VALUES ('207', '宜昌市', '18');
INSERT INTO `shop_city` VALUES ('208', '襄樊市', '18');
INSERT INTO `shop_city` VALUES ('209', '鄂州市', '18');
INSERT INTO `shop_city` VALUES ('210', '荆门市', '18');
INSERT INTO `shop_city` VALUES ('211', '孝感市', '18');
INSERT INTO `shop_city` VALUES ('212', '荆州市', '18');
INSERT INTO `shop_city` VALUES ('213', '黄冈市', '18');
INSERT INTO `shop_city` VALUES ('214', '咸宁市', '18');
INSERT INTO `shop_city` VALUES ('215', '随州市', '18');
INSERT INTO `shop_city` VALUES ('216', '恩施土家族苗族自治州', '18');
INSERT INTO `shop_city` VALUES ('217', '省直辖县级行政区划', '18');
INSERT INTO `shop_city` VALUES ('218', '长沙市', '19');
INSERT INTO `shop_city` VALUES ('219', '株洲市', '19');
INSERT INTO `shop_city` VALUES ('220', '湘潭市', '19');
INSERT INTO `shop_city` VALUES ('221', '衡阳市', '19');
INSERT INTO `shop_city` VALUES ('222', '邵阳市', '19');
INSERT INTO `shop_city` VALUES ('223', '岳阳市', '19');
INSERT INTO `shop_city` VALUES ('224', '常德市', '19');
INSERT INTO `shop_city` VALUES ('225', '张家界市', '19');
INSERT INTO `shop_city` VALUES ('226', '益阳市', '19');
INSERT INTO `shop_city` VALUES ('227', '郴州市', '19');
INSERT INTO `shop_city` VALUES ('228', '永州市', '19');
INSERT INTO `shop_city` VALUES ('229', '怀化市', '19');
INSERT INTO `shop_city` VALUES ('230', '娄底市', '19');
INSERT INTO `shop_city` VALUES ('231', '湘西土家族苗族自治州', '19');
INSERT INTO `shop_city` VALUES ('232', '广州市', '20');
INSERT INTO `shop_city` VALUES ('233', '韶关市', '20');
INSERT INTO `shop_city` VALUES ('234', '深圳市', '20');
INSERT INTO `shop_city` VALUES ('235', '珠海市', '20');
INSERT INTO `shop_city` VALUES ('236', '汕头市', '20');
INSERT INTO `shop_city` VALUES ('237', '佛山市', '20');
INSERT INTO `shop_city` VALUES ('238', '江门市', '20');
INSERT INTO `shop_city` VALUES ('239', '湛江市', '20');
INSERT INTO `shop_city` VALUES ('240', '茂名市', '20');
INSERT INTO `shop_city` VALUES ('241', '肇庆市', '20');
INSERT INTO `shop_city` VALUES ('242', '惠州市', '20');
INSERT INTO `shop_city` VALUES ('243', '梅州市', '20');
INSERT INTO `shop_city` VALUES ('244', '汕尾市', '20');
INSERT INTO `shop_city` VALUES ('245', '河源市', '20');
INSERT INTO `shop_city` VALUES ('246', '阳江市', '20');
INSERT INTO `shop_city` VALUES ('247', '清远市', '20');
INSERT INTO `shop_city` VALUES ('248', '东莞市', '20');
INSERT INTO `shop_city` VALUES ('249', '中山市', '20');
INSERT INTO `shop_city` VALUES ('250', '潮州市', '20');
INSERT INTO `shop_city` VALUES ('251', '揭阳市', '20');
INSERT INTO `shop_city` VALUES ('252', '云浮市', '20');
INSERT INTO `shop_city` VALUES ('253', '南宁市', '21');
INSERT INTO `shop_city` VALUES ('254', '柳州市', '21');
INSERT INTO `shop_city` VALUES ('255', '桂林市', '21');
INSERT INTO `shop_city` VALUES ('256', '梧州市', '21');
INSERT INTO `shop_city` VALUES ('257', '北海市', '21');
INSERT INTO `shop_city` VALUES ('258', '防城港市', '21');
INSERT INTO `shop_city` VALUES ('259', '钦州市', '21');
INSERT INTO `shop_city` VALUES ('260', '贵港市', '21');
INSERT INTO `shop_city` VALUES ('261', '玉林市', '21');
INSERT INTO `shop_city` VALUES ('262', '百色市', '21');
INSERT INTO `shop_city` VALUES ('263', '贺州市', '21');
INSERT INTO `shop_city` VALUES ('264', '河池市', '21');
INSERT INTO `shop_city` VALUES ('265', '来宾市', '21');
INSERT INTO `shop_city` VALUES ('266', '崇左市', '21');
INSERT INTO `shop_city` VALUES ('267', '海口市', '22');
INSERT INTO `shop_city` VALUES ('268', '三亚市', '22');
INSERT INTO `shop_city` VALUES ('269', '省直辖县级行政区划', '22');
INSERT INTO `shop_city` VALUES ('270', '市辖区', '23');
INSERT INTO `shop_city` VALUES ('271', '县', '23');
INSERT INTO `shop_city` VALUES ('273', '成都市', '24');
INSERT INTO `shop_city` VALUES ('274', '自贡市', '24');
INSERT INTO `shop_city` VALUES ('275', '攀枝花市', '24');
INSERT INTO `shop_city` VALUES ('276', '泸州市', '24');
INSERT INTO `shop_city` VALUES ('277', '德阳市', '24');
INSERT INTO `shop_city` VALUES ('278', '绵阳市', '24');
INSERT INTO `shop_city` VALUES ('279', '广元市', '24');
INSERT INTO `shop_city` VALUES ('280', '遂宁市', '24');
INSERT INTO `shop_city` VALUES ('281', '内江市', '24');
INSERT INTO `shop_city` VALUES ('282', '乐山市', '24');
INSERT INTO `shop_city` VALUES ('283', '南充市', '24');
INSERT INTO `shop_city` VALUES ('284', '眉山市', '24');
INSERT INTO `shop_city` VALUES ('285', '宜宾市', '24');
INSERT INTO `shop_city` VALUES ('286', '广安市', '24');
INSERT INTO `shop_city` VALUES ('287', '达州市', '24');
INSERT INTO `shop_city` VALUES ('288', '雅安市', '24');
INSERT INTO `shop_city` VALUES ('289', '巴中市', '24');
INSERT INTO `shop_city` VALUES ('290', '资阳市', '24');
INSERT INTO `shop_city` VALUES ('291', '阿坝藏族羌族自治州', '24');
INSERT INTO `shop_city` VALUES ('292', '甘孜藏族自治州', '24');
INSERT INTO `shop_city` VALUES ('293', '凉山彝族自治州', '24');
INSERT INTO `shop_city` VALUES ('294', '贵阳市', '25');
INSERT INTO `shop_city` VALUES ('295', '六盘水市', '25');
INSERT INTO `shop_city` VALUES ('296', '遵义市', '25');
INSERT INTO `shop_city` VALUES ('297', '安顺市', '25');
INSERT INTO `shop_city` VALUES ('298', '铜仁地区', '25');
INSERT INTO `shop_city` VALUES ('299', '黔西南布依族苗族自治州', '25');
INSERT INTO `shop_city` VALUES ('300', '毕节地区', '25');
INSERT INTO `shop_city` VALUES ('301', '黔东南苗族侗族自治州', '25');
INSERT INTO `shop_city` VALUES ('302', '黔南布依族苗族自治州', '25');
INSERT INTO `shop_city` VALUES ('303', '昆明市', '26');
INSERT INTO `shop_city` VALUES ('304', '曲靖市', '26');
INSERT INTO `shop_city` VALUES ('305', '玉溪市', '26');
INSERT INTO `shop_city` VALUES ('306', '保山市', '26');
INSERT INTO `shop_city` VALUES ('307', '昭通市', '26');
INSERT INTO `shop_city` VALUES ('308', '丽江市', '26');
INSERT INTO `shop_city` VALUES ('309', '普洱市', '26');
INSERT INTO `shop_city` VALUES ('310', '临沧市', '26');
INSERT INTO `shop_city` VALUES ('311', '楚雄彝族自治州', '26');
INSERT INTO `shop_city` VALUES ('312', '红河哈尼族彝族自治州', '26');
INSERT INTO `shop_city` VALUES ('313', '文山壮族苗族自治州', '26');
INSERT INTO `shop_city` VALUES ('314', '西双版纳傣族自治州', '26');
INSERT INTO `shop_city` VALUES ('315', '大理白族自治州', '26');
INSERT INTO `shop_city` VALUES ('316', '德宏傣族景颇族自治州', '26');
INSERT INTO `shop_city` VALUES ('317', '怒江傈僳族自治州', '26');
INSERT INTO `shop_city` VALUES ('318', '迪庆藏族自治州', '26');
INSERT INTO `shop_city` VALUES ('319', '拉萨市', '27');
INSERT INTO `shop_city` VALUES ('320', '昌都地区', '27');
INSERT INTO `shop_city` VALUES ('321', '山南地区', '27');
INSERT INTO `shop_city` VALUES ('322', '日喀则地区', '27');
INSERT INTO `shop_city` VALUES ('323', '那曲地区', '27');
INSERT INTO `shop_city` VALUES ('324', '阿里地区', '27');
INSERT INTO `shop_city` VALUES ('325', '林芝地区', '27');
INSERT INTO `shop_city` VALUES ('326', '西安市', '28');
INSERT INTO `shop_city` VALUES ('327', '铜川市', '28');
INSERT INTO `shop_city` VALUES ('328', '宝鸡市', '28');
INSERT INTO `shop_city` VALUES ('329', '咸阳市', '28');
INSERT INTO `shop_city` VALUES ('330', '渭南市', '28');
INSERT INTO `shop_city` VALUES ('331', '延安市', '28');
INSERT INTO `shop_city` VALUES ('332', '汉中市', '28');
INSERT INTO `shop_city` VALUES ('333', '榆林市', '28');
INSERT INTO `shop_city` VALUES ('334', '安康市', '28');
INSERT INTO `shop_city` VALUES ('335', '商洛市', '28');
INSERT INTO `shop_city` VALUES ('336', '兰州市', '29');
INSERT INTO `shop_city` VALUES ('337', '嘉峪关市', '29');
INSERT INTO `shop_city` VALUES ('338', '金昌市', '29');
INSERT INTO `shop_city` VALUES ('339', '白银市', '29');
INSERT INTO `shop_city` VALUES ('340', '天水市', '29');
INSERT INTO `shop_city` VALUES ('341', '武威市', '29');
INSERT INTO `shop_city` VALUES ('342', '张掖市', '29');
INSERT INTO `shop_city` VALUES ('343', '平凉市', '29');
INSERT INTO `shop_city` VALUES ('344', '酒泉市', '29');
INSERT INTO `shop_city` VALUES ('345', '庆阳市', '29');
INSERT INTO `shop_city` VALUES ('346', '定西市', '29');
INSERT INTO `shop_city` VALUES ('347', '陇南市', '29');
INSERT INTO `shop_city` VALUES ('348', '临夏回族自治州', '29');
INSERT INTO `shop_city` VALUES ('349', '甘南藏族自治州', '29');
INSERT INTO `shop_city` VALUES ('350', '西宁市', '30');
INSERT INTO `shop_city` VALUES ('351', '海东地区', '30');
INSERT INTO `shop_city` VALUES ('352', '海北藏族自治州', '30');
INSERT INTO `shop_city` VALUES ('353', '黄南藏族自治州', '30');
INSERT INTO `shop_city` VALUES ('354', '海南藏族自治州', '30');
INSERT INTO `shop_city` VALUES ('355', '果洛藏族自治州', '30');
INSERT INTO `shop_city` VALUES ('356', '玉树藏族自治州', '30');
INSERT INTO `shop_city` VALUES ('357', '海西蒙古族藏族自治州', '30');
INSERT INTO `shop_city` VALUES ('358', '银川市', '31');
INSERT INTO `shop_city` VALUES ('359', '石嘴山市', '31');
INSERT INTO `shop_city` VALUES ('360', '吴忠市', '31');
INSERT INTO `shop_city` VALUES ('361', '固原市', '31');
INSERT INTO `shop_city` VALUES ('362', '中卫市', '31');
INSERT INTO `shop_city` VALUES ('363', '乌鲁木齐市', '32');
INSERT INTO `shop_city` VALUES ('364', '克拉玛依市', '32');
INSERT INTO `shop_city` VALUES ('365', '吐鲁番地区', '32');
INSERT INTO `shop_city` VALUES ('366', '哈密地区', '32');
INSERT INTO `shop_city` VALUES ('367', '昌吉回族自治州', '32');
INSERT INTO `shop_city` VALUES ('368', '博尔塔拉蒙古自治州', '32');
INSERT INTO `shop_city` VALUES ('369', '巴音郭楞蒙古自治州', '32');
INSERT INTO `shop_city` VALUES ('370', '阿克苏地区', '32');
INSERT INTO `shop_city` VALUES ('371', '克孜勒苏柯尔克孜自治州', '32');
INSERT INTO `shop_city` VALUES ('372', '喀什地区', '32');
INSERT INTO `shop_city` VALUES ('373', '和田地区', '32');
INSERT INTO `shop_city` VALUES ('374', '伊犁哈萨克自治州', '32');
INSERT INTO `shop_city` VALUES ('375', '塔城地区', '32');
INSERT INTO `shop_city` VALUES ('376', '阿勒泰地区', '32');
INSERT INTO `shop_city` VALUES ('377', '自治区直辖县级行政区划', '32');
INSERT INTO `shop_city` VALUES ('378', '东城区', '33');
INSERT INTO `shop_city` VALUES ('379', '西城区', '33');
INSERT INTO `shop_city` VALUES ('382', '朝阳区', '33');
INSERT INTO `shop_city` VALUES ('383', '丰台区', '33');
INSERT INTO `shop_city` VALUES ('384', '石景山区', '33');
INSERT INTO `shop_city` VALUES ('385', '海淀区', '33');
INSERT INTO `shop_city` VALUES ('386', '门头沟区', '33');
INSERT INTO `shop_city` VALUES ('387', '房山区', '33');
INSERT INTO `shop_city` VALUES ('388', '通州区', '33');
INSERT INTO `shop_city` VALUES ('389', '顺义区', '33');
INSERT INTO `shop_city` VALUES ('390', '昌平区', '33');
INSERT INTO `shop_city` VALUES ('391', '大兴区', '33');
INSERT INTO `shop_city` VALUES ('392', '怀柔区', '33');
INSERT INTO `shop_city` VALUES ('393', '平谷区', '33');
INSERT INTO `shop_city` VALUES ('394', '密云县', '34');
INSERT INTO `shop_city` VALUES ('395', '延庆县', '34');
INSERT INTO `shop_city` VALUES ('396', '和平区', '35');
INSERT INTO `shop_city` VALUES ('397', '河东区', '35');
INSERT INTO `shop_city` VALUES ('398', '河西区', '35');
INSERT INTO `shop_city` VALUES ('399', '南开区', '35');
INSERT INTO `shop_city` VALUES ('400', '河北区', '35');
INSERT INTO `shop_city` VALUES ('401', '红桥区', '35');
INSERT INTO `shop_city` VALUES ('404', '滨海新区', '35');
INSERT INTO `shop_city` VALUES ('405', '东丽区', '35');
INSERT INTO `shop_city` VALUES ('406', '西青区', '35');
INSERT INTO `shop_city` VALUES ('407', '津南区', '35');
INSERT INTO `shop_city` VALUES ('408', '北辰区', '35');
INSERT INTO `shop_city` VALUES ('409', '武清区', '35');
INSERT INTO `shop_city` VALUES ('410', '宝坻区', '35');
INSERT INTO `shop_city` VALUES ('411', '宁河县', '36');
INSERT INTO `shop_city` VALUES ('412', '静海县', '36');
INSERT INTO `shop_city` VALUES ('413', '蓟县', '36');
INSERT INTO `shop_city` VALUES ('414', '市辖区', '37');
INSERT INTO `shop_city` VALUES ('415', '长安区', '37');
INSERT INTO `shop_city` VALUES ('416', '桥东区', '37');
INSERT INTO `shop_city` VALUES ('417', '桥西区', '37');
INSERT INTO `shop_city` VALUES ('418', '新华区', '37');
INSERT INTO `shop_city` VALUES ('419', '井陉矿区', '37');
INSERT INTO `shop_city` VALUES ('420', '裕华区', '37');
INSERT INTO `shop_city` VALUES ('421', '井陉县', '37');
INSERT INTO `shop_city` VALUES ('422', '正定县', '37');
INSERT INTO `shop_city` VALUES ('423', '栾城县', '37');
INSERT INTO `shop_city` VALUES ('424', '行唐县', '37');
INSERT INTO `shop_city` VALUES ('425', '灵寿县', '37');
INSERT INTO `shop_city` VALUES ('426', '高邑县', '37');
INSERT INTO `shop_city` VALUES ('427', '深泽县', '37');
INSERT INTO `shop_city` VALUES ('428', '赞皇县', '37');
INSERT INTO `shop_city` VALUES ('429', '无极县', '37');
INSERT INTO `shop_city` VALUES ('430', '平山县', '37');
INSERT INTO `shop_city` VALUES ('431', '元氏县', '37');
INSERT INTO `shop_city` VALUES ('432', '赵县', '37');
INSERT INTO `shop_city` VALUES ('433', '辛集市', '37');
INSERT INTO `shop_city` VALUES ('434', '藁城市', '37');
INSERT INTO `shop_city` VALUES ('435', '晋州市', '37');
INSERT INTO `shop_city` VALUES ('436', '新乐市', '37');
INSERT INTO `shop_city` VALUES ('437', '鹿泉市', '37');
INSERT INTO `shop_city` VALUES ('438', '市辖区', '38');
INSERT INTO `shop_city` VALUES ('439', '路南区', '38');
INSERT INTO `shop_city` VALUES ('440', '路北区', '38');
INSERT INTO `shop_city` VALUES ('441', '古冶区', '38');
INSERT INTO `shop_city` VALUES ('442', '开平区', '38');
INSERT INTO `shop_city` VALUES ('443', '丰南区', '38');
INSERT INTO `shop_city` VALUES ('444', '丰润区', '38');
INSERT INTO `shop_city` VALUES ('445', '滦县', '38');
INSERT INTO `shop_city` VALUES ('446', '滦南县', '38');
INSERT INTO `shop_city` VALUES ('447', '乐亭县', '38');
INSERT INTO `shop_city` VALUES ('448', '迁西县', '38');
INSERT INTO `shop_city` VALUES ('449', '玉田县', '38');
INSERT INTO `shop_city` VALUES ('450', '唐海县', '38');
INSERT INTO `shop_city` VALUES ('451', '遵化市', '38');
INSERT INTO `shop_city` VALUES ('452', '迁安市', '38');
INSERT INTO `shop_city` VALUES ('453', '市辖区', '39');
INSERT INTO `shop_city` VALUES ('454', '海港区', '39');
INSERT INTO `shop_city` VALUES ('455', '山海关区', '39');
INSERT INTO `shop_city` VALUES ('456', '北戴河区', '39');
INSERT INTO `shop_city` VALUES ('457', '青龙满族自治县', '39');
INSERT INTO `shop_city` VALUES ('458', '昌黎县', '39');
INSERT INTO `shop_city` VALUES ('459', '抚宁县', '39');
INSERT INTO `shop_city` VALUES ('460', '卢龙县', '39');
INSERT INTO `shop_city` VALUES ('461', '市辖区', '40');
INSERT INTO `shop_city` VALUES ('462', '邯山区', '40');
INSERT INTO `shop_city` VALUES ('463', '丛台区', '40');
INSERT INTO `shop_city` VALUES ('464', '复兴区', '40');
INSERT INTO `shop_city` VALUES ('465', '峰峰矿区', '40');
INSERT INTO `shop_city` VALUES ('466', '邯郸县', '40');
INSERT INTO `shop_city` VALUES ('467', '临漳县', '40');
INSERT INTO `shop_city` VALUES ('468', '成安县', '40');
INSERT INTO `shop_city` VALUES ('469', '大名县', '40');
INSERT INTO `shop_city` VALUES ('470', '涉县', '40');
INSERT INTO `shop_city` VALUES ('471', '磁县', '40');
INSERT INTO `shop_city` VALUES ('472', '肥乡县', '40');
INSERT INTO `shop_city` VALUES ('473', '永年县', '40');
INSERT INTO `shop_city` VALUES ('474', '邱县', '40');
INSERT INTO `shop_city` VALUES ('475', '鸡泽县', '40');
INSERT INTO `shop_city` VALUES ('476', '广平县', '40');
INSERT INTO `shop_city` VALUES ('477', '馆陶县', '40');
INSERT INTO `shop_city` VALUES ('478', '魏县', '40');
INSERT INTO `shop_city` VALUES ('479', '曲周县', '40');
INSERT INTO `shop_city` VALUES ('480', '武安市', '40');
INSERT INTO `shop_city` VALUES ('481', '市辖区', '41');
INSERT INTO `shop_city` VALUES ('482', '桥东区', '41');
INSERT INTO `shop_city` VALUES ('483', '桥西区', '41');
INSERT INTO `shop_city` VALUES ('484', '邢台县', '41');
INSERT INTO `shop_city` VALUES ('485', '临城县', '41');
INSERT INTO `shop_city` VALUES ('486', '内丘县', '41');
INSERT INTO `shop_city` VALUES ('487', '柏乡县', '41');
INSERT INTO `shop_city` VALUES ('488', '隆尧县', '41');
INSERT INTO `shop_city` VALUES ('489', '任县', '41');
INSERT INTO `shop_city` VALUES ('490', '南和县', '41');
INSERT INTO `shop_city` VALUES ('491', '宁晋县', '41');
INSERT INTO `shop_city` VALUES ('492', '巨鹿县', '41');
INSERT INTO `shop_city` VALUES ('493', '新河县', '41');
INSERT INTO `shop_city` VALUES ('494', '广宗县', '41');
INSERT INTO `shop_city` VALUES ('495', '平乡县', '41');
INSERT INTO `shop_city` VALUES ('496', '威县', '41');
INSERT INTO `shop_city` VALUES ('497', '清河县', '41');
INSERT INTO `shop_city` VALUES ('498', '临西县', '41');
INSERT INTO `shop_city` VALUES ('499', '南宫市', '41');
INSERT INTO `shop_city` VALUES ('500', '沙河市', '41');
INSERT INTO `shop_city` VALUES ('501', '市辖区', '42');
INSERT INTO `shop_city` VALUES ('502', '新市区', '42');
INSERT INTO `shop_city` VALUES ('503', '北市区', '42');
INSERT INTO `shop_city` VALUES ('504', '南市区', '42');
INSERT INTO `shop_city` VALUES ('505', '满城县', '42');
INSERT INTO `shop_city` VALUES ('506', '清苑县', '42');
INSERT INTO `shop_city` VALUES ('507', '涞水县', '42');
INSERT INTO `shop_city` VALUES ('508', '阜平县', '42');
INSERT INTO `shop_city` VALUES ('509', '徐水县', '42');
INSERT INTO `shop_city` VALUES ('510', '定兴县', '42');
INSERT INTO `shop_city` VALUES ('511', '唐县', '42');
INSERT INTO `shop_city` VALUES ('512', '高阳县', '42');
INSERT INTO `shop_city` VALUES ('513', '容城县', '42');
INSERT INTO `shop_city` VALUES ('514', '涞源县', '42');
INSERT INTO `shop_city` VALUES ('515', '望都县', '42');
INSERT INTO `shop_city` VALUES ('516', '安新县', '42');
INSERT INTO `shop_city` VALUES ('517', '易县', '42');
INSERT INTO `shop_city` VALUES ('518', '曲阳县', '42');
INSERT INTO `shop_city` VALUES ('519', '蠡县', '42');
INSERT INTO `shop_city` VALUES ('520', '顺平县', '42');
INSERT INTO `shop_city` VALUES ('521', '博野县', '42');
INSERT INTO `shop_city` VALUES ('522', '雄县', '42');
INSERT INTO `shop_city` VALUES ('523', '涿州市', '42');
INSERT INTO `shop_city` VALUES ('524', '定州市', '42');
INSERT INTO `shop_city` VALUES ('525', '安国市', '42');
INSERT INTO `shop_city` VALUES ('526', '高碑店市', '42');
INSERT INTO `shop_city` VALUES ('527', '市辖区', '43');
INSERT INTO `shop_city` VALUES ('528', '桥东区', '43');
INSERT INTO `shop_city` VALUES ('529', '桥西区', '43');
INSERT INTO `shop_city` VALUES ('530', '宣化区', '43');
INSERT INTO `shop_city` VALUES ('531', '下花园区', '43');
INSERT INTO `shop_city` VALUES ('532', '宣化县', '43');
INSERT INTO `shop_city` VALUES ('533', '张北县', '43');
INSERT INTO `shop_city` VALUES ('534', '康保县', '43');
INSERT INTO `shop_city` VALUES ('535', '沽源县', '43');
INSERT INTO `shop_city` VALUES ('536', '尚义县', '43');
INSERT INTO `shop_city` VALUES ('537', '蔚县', '43');
INSERT INTO `shop_city` VALUES ('538', '阳原县', '43');
INSERT INTO `shop_city` VALUES ('539', '怀安县', '43');
INSERT INTO `shop_city` VALUES ('540', '万全县', '43');
INSERT INTO `shop_city` VALUES ('541', '怀来县', '43');
INSERT INTO `shop_city` VALUES ('542', '涿鹿县', '43');
INSERT INTO `shop_city` VALUES ('543', '赤城县', '43');
INSERT INTO `shop_city` VALUES ('544', '崇礼县', '43');
INSERT INTO `shop_city` VALUES ('545', '市辖区', '44');
INSERT INTO `shop_city` VALUES ('546', '双桥区', '44');
INSERT INTO `shop_city` VALUES ('547', '双滦区', '44');
INSERT INTO `shop_city` VALUES ('548', '鹰手营子矿区', '44');
INSERT INTO `shop_city` VALUES ('549', '承德县', '44');
INSERT INTO `shop_city` VALUES ('550', '兴隆县', '44');
INSERT INTO `shop_city` VALUES ('551', '平泉县', '44');
INSERT INTO `shop_city` VALUES ('552', '滦平县', '44');
INSERT INTO `shop_city` VALUES ('553', '隆化县', '44');
INSERT INTO `shop_city` VALUES ('554', '丰宁满族自治县', '44');
INSERT INTO `shop_city` VALUES ('555', '宽城满族自治县', '44');
INSERT INTO `shop_city` VALUES ('556', '围场满族蒙古族自治县', '44');
INSERT INTO `shop_city` VALUES ('557', '市辖区', '45');
INSERT INTO `shop_city` VALUES ('558', '新华区', '45');
INSERT INTO `shop_city` VALUES ('559', '运河区', '45');
INSERT INTO `shop_city` VALUES ('560', '沧县', '45');
INSERT INTO `shop_city` VALUES ('561', '青县', '45');
INSERT INTO `shop_city` VALUES ('562', '东光县', '45');
INSERT INTO `shop_city` VALUES ('563', '海兴县', '45');
INSERT INTO `shop_city` VALUES ('564', '盐山县', '45');
INSERT INTO `shop_city` VALUES ('565', '肃宁县', '45');
INSERT INTO `shop_city` VALUES ('566', '南皮县', '45');
INSERT INTO `shop_city` VALUES ('567', '吴桥县', '45');
INSERT INTO `shop_city` VALUES ('568', '献县', '45');
INSERT INTO `shop_city` VALUES ('569', '孟村回族自治县', '45');
INSERT INTO `shop_city` VALUES ('570', '泊头市', '45');
INSERT INTO `shop_city` VALUES ('571', '任丘市', '45');
INSERT INTO `shop_city` VALUES ('572', '黄骅市', '45');
INSERT INTO `shop_city` VALUES ('573', '河间市', '45');
INSERT INTO `shop_city` VALUES ('574', '市辖区', '46');
INSERT INTO `shop_city` VALUES ('575', '安次区', '46');
INSERT INTO `shop_city` VALUES ('576', '广阳区', '46');
INSERT INTO `shop_city` VALUES ('577', '固安县', '46');
INSERT INTO `shop_city` VALUES ('578', '永清县', '46');
INSERT INTO `shop_city` VALUES ('579', '香河县', '46');
INSERT INTO `shop_city` VALUES ('580', '大城县', '46');
INSERT INTO `shop_city` VALUES ('581', '文安县', '46');
INSERT INTO `shop_city` VALUES ('582', '大厂回族自治县', '46');
INSERT INTO `shop_city` VALUES ('583', '霸州市', '46');
INSERT INTO `shop_city` VALUES ('584', '三河市', '46');
INSERT INTO `shop_city` VALUES ('585', '市辖区', '47');
INSERT INTO `shop_city` VALUES ('586', '桃城区', '47');
INSERT INTO `shop_city` VALUES ('587', '枣强县', '47');
INSERT INTO `shop_city` VALUES ('588', '武邑县', '47');
INSERT INTO `shop_city` VALUES ('589', '武强县', '47');
INSERT INTO `shop_city` VALUES ('590', '饶阳县', '47');
INSERT INTO `shop_city` VALUES ('591', '安平县', '47');
INSERT INTO `shop_city` VALUES ('592', '故城县', '47');
INSERT INTO `shop_city` VALUES ('593', '景县', '47');
INSERT INTO `shop_city` VALUES ('594', '阜城县', '47');
INSERT INTO `shop_city` VALUES ('595', '冀州市', '47');
INSERT INTO `shop_city` VALUES ('596', '深州市', '47');
INSERT INTO `shop_city` VALUES ('597', '市辖区', '48');
INSERT INTO `shop_city` VALUES ('598', '小店区', '48');
INSERT INTO `shop_city` VALUES ('599', '迎泽区', '48');
INSERT INTO `shop_city` VALUES ('600', '杏花岭区', '48');
INSERT INTO `shop_city` VALUES ('601', '尖草坪区', '48');
INSERT INTO `shop_city` VALUES ('602', '万柏林区', '48');
INSERT INTO `shop_city` VALUES ('603', '晋源区', '48');
INSERT INTO `shop_city` VALUES ('604', '清徐县', '48');
INSERT INTO `shop_city` VALUES ('605', '阳曲县', '48');
INSERT INTO `shop_city` VALUES ('606', '娄烦县', '48');
INSERT INTO `shop_city` VALUES ('607', '古交市', '48');
INSERT INTO `shop_city` VALUES ('608', '市辖区', '49');
INSERT INTO `shop_city` VALUES ('609', '城区', '49');
INSERT INTO `shop_city` VALUES ('610', '矿区', '49');
INSERT INTO `shop_city` VALUES ('611', '南郊区', '49');
INSERT INTO `shop_city` VALUES ('612', '新荣区', '49');
INSERT INTO `shop_city` VALUES ('613', '阳高县', '49');
INSERT INTO `shop_city` VALUES ('614', '天镇县', '49');
INSERT INTO `shop_city` VALUES ('615', '广灵县', '49');
INSERT INTO `shop_city` VALUES ('616', '灵丘县', '49');
INSERT INTO `shop_city` VALUES ('617', '浑源县', '49');
INSERT INTO `shop_city` VALUES ('618', '左云县', '49');
INSERT INTO `shop_city` VALUES ('619', '大同县', '49');
INSERT INTO `shop_city` VALUES ('620', '市辖区', '50');
INSERT INTO `shop_city` VALUES ('621', '城区', '50');
INSERT INTO `shop_city` VALUES ('622', '矿区', '50');
INSERT INTO `shop_city` VALUES ('623', '郊区', '50');
INSERT INTO `shop_city` VALUES ('624', '平定县', '50');
INSERT INTO `shop_city` VALUES ('625', '盂县', '50');
INSERT INTO `shop_city` VALUES ('626', '市辖区', '51');
INSERT INTO `shop_city` VALUES ('627', '城区', '51');
INSERT INTO `shop_city` VALUES ('628', '郊区', '51');
INSERT INTO `shop_city` VALUES ('629', '长治县', '51');
INSERT INTO `shop_city` VALUES ('630', '襄垣县', '51');
INSERT INTO `shop_city` VALUES ('631', '屯留县', '51');
INSERT INTO `shop_city` VALUES ('632', '平顺县', '51');
INSERT INTO `shop_city` VALUES ('633', '黎城县', '51');
INSERT INTO `shop_city` VALUES ('634', '壶关县', '51');
INSERT INTO `shop_city` VALUES ('635', '长子县', '51');
INSERT INTO `shop_city` VALUES ('636', '武乡县', '51');
INSERT INTO `shop_city` VALUES ('637', '沁县', '51');
INSERT INTO `shop_city` VALUES ('638', '沁源县', '51');
INSERT INTO `shop_city` VALUES ('639', '潞城市', '51');
INSERT INTO `shop_city` VALUES ('640', '市辖区', '52');
INSERT INTO `shop_city` VALUES ('641', '城区', '52');
INSERT INTO `shop_city` VALUES ('642', '沁水县', '52');
INSERT INTO `shop_city` VALUES ('643', '阳城县', '52');
INSERT INTO `shop_city` VALUES ('644', '陵川县', '52');
INSERT INTO `shop_city` VALUES ('645', '泽州县', '52');
INSERT INTO `shop_city` VALUES ('646', '高平市', '52');
INSERT INTO `shop_city` VALUES ('647', '市辖区', '53');
INSERT INTO `shop_city` VALUES ('648', '朔城区', '53');
INSERT INTO `shop_city` VALUES ('649', '平鲁区', '53');
INSERT INTO `shop_city` VALUES ('650', '山阴县', '53');
INSERT INTO `shop_city` VALUES ('651', '应县', '53');
INSERT INTO `shop_city` VALUES ('652', '右玉县', '53');
INSERT INTO `shop_city` VALUES ('653', '怀仁县', '53');
INSERT INTO `shop_city` VALUES ('654', '市辖区', '54');
INSERT INTO `shop_city` VALUES ('655', '榆次区', '54');
INSERT INTO `shop_city` VALUES ('656', '榆社县', '54');
INSERT INTO `shop_city` VALUES ('657', '左权县', '54');
INSERT INTO `shop_city` VALUES ('658', '和顺县', '54');
INSERT INTO `shop_city` VALUES ('659', '昔阳县', '54');
INSERT INTO `shop_city` VALUES ('660', '寿阳县', '54');
INSERT INTO `shop_city` VALUES ('661', '太谷县', '54');
INSERT INTO `shop_city` VALUES ('662', '祁县', '54');
INSERT INTO `shop_city` VALUES ('663', '平遥县', '54');
INSERT INTO `shop_city` VALUES ('664', '灵石县', '54');
INSERT INTO `shop_city` VALUES ('665', '介休市', '54');
INSERT INTO `shop_city` VALUES ('666', '市辖区', '55');
INSERT INTO `shop_city` VALUES ('667', '盐湖区', '55');
INSERT INTO `shop_city` VALUES ('668', '临猗县', '55');
INSERT INTO `shop_city` VALUES ('669', '万荣县', '55');
INSERT INTO `shop_city` VALUES ('670', '闻喜县', '55');
INSERT INTO `shop_city` VALUES ('671', '稷山县', '55');
INSERT INTO `shop_city` VALUES ('672', '新绛县', '55');
INSERT INTO `shop_city` VALUES ('673', '绛县', '55');
INSERT INTO `shop_city` VALUES ('674', '垣曲县', '55');
INSERT INTO `shop_city` VALUES ('675', '夏县', '55');
INSERT INTO `shop_city` VALUES ('676', '平陆县', '55');
INSERT INTO `shop_city` VALUES ('677', '芮城县', '55');
INSERT INTO `shop_city` VALUES ('678', '永济市', '55');
INSERT INTO `shop_city` VALUES ('679', '河津市', '55');
INSERT INTO `shop_city` VALUES ('680', '市辖区', '56');
INSERT INTO `shop_city` VALUES ('681', '忻府区', '56');
INSERT INTO `shop_city` VALUES ('682', '定襄县', '56');
INSERT INTO `shop_city` VALUES ('683', '五台县', '56');
INSERT INTO `shop_city` VALUES ('684', '代县', '56');
INSERT INTO `shop_city` VALUES ('685', '繁峙县', '56');
INSERT INTO `shop_city` VALUES ('686', '宁武县', '56');
INSERT INTO `shop_city` VALUES ('687', '静乐县', '56');
INSERT INTO `shop_city` VALUES ('688', '神池县', '56');
INSERT INTO `shop_city` VALUES ('689', '五寨县', '56');
INSERT INTO `shop_city` VALUES ('690', '岢岚县', '56');
INSERT INTO `shop_city` VALUES ('691', '河曲县', '56');
INSERT INTO `shop_city` VALUES ('692', '保德县', '56');
INSERT INTO `shop_city` VALUES ('693', '偏关县', '56');
INSERT INTO `shop_city` VALUES ('694', '原平市', '56');
INSERT INTO `shop_city` VALUES ('695', '市辖区', '57');
INSERT INTO `shop_city` VALUES ('696', '尧都区', '57');
INSERT INTO `shop_city` VALUES ('697', '曲沃县', '57');
INSERT INTO `shop_city` VALUES ('698', '翼城县', '57');
INSERT INTO `shop_city` VALUES ('699', '襄汾县', '57');
INSERT INTO `shop_city` VALUES ('700', '洪洞县', '57');
INSERT INTO `shop_city` VALUES ('701', '古县', '57');
INSERT INTO `shop_city` VALUES ('702', '安泽县', '57');
INSERT INTO `shop_city` VALUES ('703', '浮山县', '57');
INSERT INTO `shop_city` VALUES ('704', '吉县', '57');
INSERT INTO `shop_city` VALUES ('705', '乡宁县', '57');
INSERT INTO `shop_city` VALUES ('706', '大宁县', '57');
INSERT INTO `shop_city` VALUES ('707', '隰县', '57');
INSERT INTO `shop_city` VALUES ('708', '永和县', '57');
INSERT INTO `shop_city` VALUES ('709', '蒲县', '57');
INSERT INTO `shop_city` VALUES ('710', '汾西县', '57');
INSERT INTO `shop_city` VALUES ('711', '侯马市', '57');
INSERT INTO `shop_city` VALUES ('712', '霍州市', '57');
INSERT INTO `shop_city` VALUES ('713', '市辖区', '58');
INSERT INTO `shop_city` VALUES ('714', '离石区', '58');
INSERT INTO `shop_city` VALUES ('715', '文水县', '58');
INSERT INTO `shop_city` VALUES ('716', '交城县', '58');
INSERT INTO `shop_city` VALUES ('717', '兴县', '58');
INSERT INTO `shop_city` VALUES ('718', '临县', '58');
INSERT INTO `shop_city` VALUES ('719', '柳林县', '58');
INSERT INTO `shop_city` VALUES ('720', '石楼县', '58');
INSERT INTO `shop_city` VALUES ('721', '岚县', '58');
INSERT INTO `shop_city` VALUES ('722', '方山县', '58');
INSERT INTO `shop_city` VALUES ('723', '中阳县', '58');
INSERT INTO `shop_city` VALUES ('724', '交口县', '58');
INSERT INTO `shop_city` VALUES ('725', '孝义市', '58');
INSERT INTO `shop_city` VALUES ('726', '汾阳市', '58');
INSERT INTO `shop_city` VALUES ('727', '市辖区', '59');
INSERT INTO `shop_city` VALUES ('728', '新城区', '59');
INSERT INTO `shop_city` VALUES ('729', '回民区', '59');
INSERT INTO `shop_city` VALUES ('730', '玉泉区', '59');
INSERT INTO `shop_city` VALUES ('731', '赛罕区', '59');
INSERT INTO `shop_city` VALUES ('732', '土默特左旗', '59');
INSERT INTO `shop_city` VALUES ('733', '托克托县', '59');
INSERT INTO `shop_city` VALUES ('734', '和林格尔县', '59');
INSERT INTO `shop_city` VALUES ('735', '清水河县', '59');
INSERT INTO `shop_city` VALUES ('736', '武川县', '59');
INSERT INTO `shop_city` VALUES ('737', '市辖区', '60');
INSERT INTO `shop_city` VALUES ('738', '东河区', '60');
INSERT INTO `shop_city` VALUES ('739', '昆都仑区', '60');
INSERT INTO `shop_city` VALUES ('740', '青山区', '60');
INSERT INTO `shop_city` VALUES ('741', '石拐区', '60');
INSERT INTO `shop_city` VALUES ('742', '白云鄂博矿区', '60');
INSERT INTO `shop_city` VALUES ('743', '九原区', '60');
INSERT INTO `shop_city` VALUES ('744', '土默特右旗', '60');
INSERT INTO `shop_city` VALUES ('745', '固阳县', '60');
INSERT INTO `shop_city` VALUES ('746', '达尔罕茂明安联合旗', '60');
INSERT INTO `shop_city` VALUES ('747', '市辖区', '61');
INSERT INTO `shop_city` VALUES ('748', '海勃湾区', '61');
INSERT INTO `shop_city` VALUES ('749', '海南区', '61');
INSERT INTO `shop_city` VALUES ('750', '乌达区', '61');
INSERT INTO `shop_city` VALUES ('751', '市辖区', '62');
INSERT INTO `shop_city` VALUES ('752', '红山区', '62');
INSERT INTO `shop_city` VALUES ('753', '元宝山区', '62');
INSERT INTO `shop_city` VALUES ('754', '松山区', '62');
INSERT INTO `shop_city` VALUES ('755', '阿鲁科尔沁旗', '62');
INSERT INTO `shop_city` VALUES ('756', '巴林左旗', '62');
INSERT INTO `shop_city` VALUES ('757', '巴林右旗', '62');
INSERT INTO `shop_city` VALUES ('758', '林西县', '62');
INSERT INTO `shop_city` VALUES ('759', '克什克腾旗', '62');
INSERT INTO `shop_city` VALUES ('760', '翁牛特旗', '62');
INSERT INTO `shop_city` VALUES ('761', '喀喇沁旗', '62');
INSERT INTO `shop_city` VALUES ('762', '宁城县', '62');
INSERT INTO `shop_city` VALUES ('763', '敖汉旗', '62');
INSERT INTO `shop_city` VALUES ('764', '市辖区', '63');
INSERT INTO `shop_city` VALUES ('765', '科尔沁区', '63');
INSERT INTO `shop_city` VALUES ('766', '科尔沁左翼中旗', '63');
INSERT INTO `shop_city` VALUES ('767', '科尔沁左翼后旗', '63');
INSERT INTO `shop_city` VALUES ('768', '开鲁县', '63');
INSERT INTO `shop_city` VALUES ('769', '库伦旗', '63');
INSERT INTO `shop_city` VALUES ('770', '奈曼旗', '63');
INSERT INTO `shop_city` VALUES ('771', '扎鲁特旗', '63');
INSERT INTO `shop_city` VALUES ('772', '霍林郭勒市', '63');
INSERT INTO `shop_city` VALUES ('773', '东胜区', '64');
INSERT INTO `shop_city` VALUES ('774', '达拉特旗', '64');
INSERT INTO `shop_city` VALUES ('775', '准格尔旗', '64');
INSERT INTO `shop_city` VALUES ('776', '鄂托克前旗', '64');
INSERT INTO `shop_city` VALUES ('777', '鄂托克旗', '64');
INSERT INTO `shop_city` VALUES ('778', '杭锦旗', '64');
INSERT INTO `shop_city` VALUES ('779', '乌审旗', '64');
INSERT INTO `shop_city` VALUES ('780', '伊金霍洛旗', '64');
INSERT INTO `shop_city` VALUES ('781', '市辖区', '65');
INSERT INTO `shop_city` VALUES ('782', '海拉尔区', '65');
INSERT INTO `shop_city` VALUES ('783', '阿荣旗', '65');
INSERT INTO `shop_city` VALUES ('784', '莫力达瓦达斡尔族自治旗', '65');
INSERT INTO `shop_city` VALUES ('785', '鄂伦春自治旗', '65');
INSERT INTO `shop_city` VALUES ('786', '鄂温克族自治旗', '65');
INSERT INTO `shop_city` VALUES ('787', '陈巴尔虎旗', '65');
INSERT INTO `shop_city` VALUES ('788', '新巴尔虎左旗', '65');
INSERT INTO `shop_city` VALUES ('789', '新巴尔虎右旗', '65');
INSERT INTO `shop_city` VALUES ('790', '满洲里市', '65');
INSERT INTO `shop_city` VALUES ('791', '牙克石市', '65');
INSERT INTO `shop_city` VALUES ('792', '扎兰屯市', '65');
INSERT INTO `shop_city` VALUES ('793', '额尔古纳市', '65');
INSERT INTO `shop_city` VALUES ('794', '根河市', '65');
INSERT INTO `shop_city` VALUES ('795', '市辖区', '66');
INSERT INTO `shop_city` VALUES ('796', '临河区', '66');
INSERT INTO `shop_city` VALUES ('797', '五原县', '66');
INSERT INTO `shop_city` VALUES ('798', '磴口县', '66');
INSERT INTO `shop_city` VALUES ('799', '乌拉特前旗', '66');
INSERT INTO `shop_city` VALUES ('800', '乌拉特中旗', '66');
INSERT INTO `shop_city` VALUES ('801', '乌拉特后旗', '66');
INSERT INTO `shop_city` VALUES ('802', '杭锦后旗', '66');
INSERT INTO `shop_city` VALUES ('803', '市辖区', '67');
INSERT INTO `shop_city` VALUES ('804', '集宁区', '67');
INSERT INTO `shop_city` VALUES ('805', '卓资县', '67');
INSERT INTO `shop_city` VALUES ('806', '化德县', '67');
INSERT INTO `shop_city` VALUES ('807', '商都县', '67');
INSERT INTO `shop_city` VALUES ('808', '兴和县', '67');
INSERT INTO `shop_city` VALUES ('809', '凉城县', '67');
INSERT INTO `shop_city` VALUES ('810', '察哈尔右翼前旗', '67');
INSERT INTO `shop_city` VALUES ('811', '察哈尔右翼中旗', '67');
INSERT INTO `shop_city` VALUES ('812', '察哈尔右翼后旗', '67');
INSERT INTO `shop_city` VALUES ('813', '四子王旗', '67');
INSERT INTO `shop_city` VALUES ('814', '丰镇市', '67');
INSERT INTO `shop_city` VALUES ('815', '乌兰浩特市', '68');
INSERT INTO `shop_city` VALUES ('816', '阿尔山市', '68');
INSERT INTO `shop_city` VALUES ('817', '科尔沁右翼前旗', '68');
INSERT INTO `shop_city` VALUES ('818', '科尔沁右翼中旗', '68');
INSERT INTO `shop_city` VALUES ('819', '扎赉特旗', '68');
INSERT INTO `shop_city` VALUES ('820', '突泉县', '68');
INSERT INTO `shop_city` VALUES ('821', '二连浩特市', '69');
INSERT INTO `shop_city` VALUES ('822', '锡林浩特市', '69');
INSERT INTO `shop_city` VALUES ('823', '阿巴嘎旗', '69');
INSERT INTO `shop_city` VALUES ('824', '苏尼特左旗', '69');
INSERT INTO `shop_city` VALUES ('825', '苏尼特右旗', '69');
INSERT INTO `shop_city` VALUES ('826', '东乌珠穆沁旗', '69');
INSERT INTO `shop_city` VALUES ('827', '西乌珠穆沁旗', '69');
INSERT INTO `shop_city` VALUES ('828', '太仆寺旗', '69');
INSERT INTO `shop_city` VALUES ('829', '镶黄旗', '69');
INSERT INTO `shop_city` VALUES ('830', '正镶白旗', '69');
INSERT INTO `shop_city` VALUES ('831', '正蓝旗', '69');
INSERT INTO `shop_city` VALUES ('832', '多伦县', '69');
INSERT INTO `shop_city` VALUES ('833', '阿拉善左旗', '70');
INSERT INTO `shop_city` VALUES ('834', '阿拉善右旗', '70');
INSERT INTO `shop_city` VALUES ('835', '额济纳旗', '70');
INSERT INTO `shop_city` VALUES ('836', '市辖区', '71');
INSERT INTO `shop_city` VALUES ('837', '和平区', '71');
INSERT INTO `shop_city` VALUES ('838', '沈河区', '71');
INSERT INTO `shop_city` VALUES ('839', '大东区', '71');
INSERT INTO `shop_city` VALUES ('840', '皇姑区', '71');
INSERT INTO `shop_city` VALUES ('841', '铁西区', '71');
INSERT INTO `shop_city` VALUES ('842', '苏家屯区', '71');
INSERT INTO `shop_city` VALUES ('843', '东陵区', '71');
INSERT INTO `shop_city` VALUES ('844', '沈北新区', '71');
INSERT INTO `shop_city` VALUES ('845', '于洪区', '71');
INSERT INTO `shop_city` VALUES ('846', '辽中县', '71');
INSERT INTO `shop_city` VALUES ('847', '康平县', '71');
INSERT INTO `shop_city` VALUES ('848', '法库县', '71');
INSERT INTO `shop_city` VALUES ('849', '新民市', '71');
INSERT INTO `shop_city` VALUES ('850', '市辖区', '72');
INSERT INTO `shop_city` VALUES ('851', '中山区', '72');
INSERT INTO `shop_city` VALUES ('852', '西岗区', '72');
INSERT INTO `shop_city` VALUES ('853', '沙河口区', '72');
INSERT INTO `shop_city` VALUES ('854', '甘井子区', '72');
INSERT INTO `shop_city` VALUES ('855', '旅顺口区', '72');
INSERT INTO `shop_city` VALUES ('856', '金州区', '72');
INSERT INTO `shop_city` VALUES ('857', '长海县', '72');
INSERT INTO `shop_city` VALUES ('858', '瓦房店市', '72');
INSERT INTO `shop_city` VALUES ('859', '普兰店市', '72');
INSERT INTO `shop_city` VALUES ('860', '庄河市', '72');
INSERT INTO `shop_city` VALUES ('861', '市辖区', '73');
INSERT INTO `shop_city` VALUES ('862', '铁东区', '73');
INSERT INTO `shop_city` VALUES ('863', '铁西区', '73');
INSERT INTO `shop_city` VALUES ('864', '立山区', '73');
INSERT INTO `shop_city` VALUES ('865', '千山区', '73');
INSERT INTO `shop_city` VALUES ('866', '台安县', '73');
INSERT INTO `shop_city` VALUES ('867', '岫岩满族自治县', '73');
INSERT INTO `shop_city` VALUES ('868', '海城市', '73');
INSERT INTO `shop_city` VALUES ('869', '市辖区', '74');
INSERT INTO `shop_city` VALUES ('870', '新抚区', '74');
INSERT INTO `shop_city` VALUES ('871', '东洲区', '74');
INSERT INTO `shop_city` VALUES ('872', '望花区', '74');
INSERT INTO `shop_city` VALUES ('873', '顺城区', '74');
INSERT INTO `shop_city` VALUES ('874', '抚顺县', '74');
INSERT INTO `shop_city` VALUES ('875', '新宾满族自治县', '74');
INSERT INTO `shop_city` VALUES ('876', '清原满族自治县', '74');
INSERT INTO `shop_city` VALUES ('877', '市辖区', '75');
INSERT INTO `shop_city` VALUES ('878', '平山区', '75');
INSERT INTO `shop_city` VALUES ('879', '溪湖区', '75');
INSERT INTO `shop_city` VALUES ('880', '明山区', '75');
INSERT INTO `shop_city` VALUES ('881', '南芬区', '75');
INSERT INTO `shop_city` VALUES ('882', '本溪满族自治县', '75');
INSERT INTO `shop_city` VALUES ('883', '桓仁满族自治县', '75');
INSERT INTO `shop_city` VALUES ('884', '市辖区', '76');
INSERT INTO `shop_city` VALUES ('885', '元宝区', '76');
INSERT INTO `shop_city` VALUES ('886', '振兴区', '76');
INSERT INTO `shop_city` VALUES ('887', '振安区', '76');
INSERT INTO `shop_city` VALUES ('888', '宽甸满族自治县', '76');
INSERT INTO `shop_city` VALUES ('889', '东港市', '76');
INSERT INTO `shop_city` VALUES ('890', '凤城市', '76');
INSERT INTO `shop_city` VALUES ('891', '市辖区', '77');
INSERT INTO `shop_city` VALUES ('892', '古塔区', '77');
INSERT INTO `shop_city` VALUES ('893', '凌河区', '77');
INSERT INTO `shop_city` VALUES ('894', '太和区', '77');
INSERT INTO `shop_city` VALUES ('895', '黑山县', '77');
INSERT INTO `shop_city` VALUES ('896', '义县', '77');
INSERT INTO `shop_city` VALUES ('897', '凌海市', '77');
INSERT INTO `shop_city` VALUES ('898', '北镇市', '77');
INSERT INTO `shop_city` VALUES ('899', '市辖区', '78');
INSERT INTO `shop_city` VALUES ('900', '站前区', '78');
INSERT INTO `shop_city` VALUES ('901', '西市区', '78');
INSERT INTO `shop_city` VALUES ('902', '鲅鱼圈区', '78');
INSERT INTO `shop_city` VALUES ('903', '老边区', '78');
INSERT INTO `shop_city` VALUES ('904', '盖州市', '78');
INSERT INTO `shop_city` VALUES ('905', '大石桥市', '78');
INSERT INTO `shop_city` VALUES ('906', '市辖区', '79');
INSERT INTO `shop_city` VALUES ('907', '海州区', '79');
INSERT INTO `shop_city` VALUES ('908', '新邱区', '79');
INSERT INTO `shop_city` VALUES ('909', '太平区', '79');
INSERT INTO `shop_city` VALUES ('910', '清河门区', '79');
INSERT INTO `shop_city` VALUES ('911', '细河区', '79');
INSERT INTO `shop_city` VALUES ('912', '阜新蒙古族自治县', '79');
INSERT INTO `shop_city` VALUES ('913', '彰武县', '79');
INSERT INTO `shop_city` VALUES ('914', '市辖区', '80');
INSERT INTO `shop_city` VALUES ('915', '白塔区', '80');
INSERT INTO `shop_city` VALUES ('916', '文圣区', '80');
INSERT INTO `shop_city` VALUES ('917', '宏伟区', '80');
INSERT INTO `shop_city` VALUES ('918', '弓长岭区', '80');
INSERT INTO `shop_city` VALUES ('919', '太子河区', '80');
INSERT INTO `shop_city` VALUES ('920', '辽阳县', '80');
INSERT INTO `shop_city` VALUES ('921', '灯塔市', '80');
INSERT INTO `shop_city` VALUES ('922', '市辖区', '81');
INSERT INTO `shop_city` VALUES ('923', '双台子区', '81');
INSERT INTO `shop_city` VALUES ('924', '兴隆台区', '81');
INSERT INTO `shop_city` VALUES ('925', '大洼县', '81');
INSERT INTO `shop_city` VALUES ('926', '盘山县', '81');
INSERT INTO `shop_city` VALUES ('927', '市辖区', '82');
INSERT INTO `shop_city` VALUES ('928', '银州区', '82');
INSERT INTO `shop_city` VALUES ('929', '清河区', '82');
INSERT INTO `shop_city` VALUES ('930', '铁岭县', '82');
INSERT INTO `shop_city` VALUES ('931', '西丰县', '82');
INSERT INTO `shop_city` VALUES ('932', '昌图县', '82');
INSERT INTO `shop_city` VALUES ('933', '调兵山市', '82');
INSERT INTO `shop_city` VALUES ('934', '开原市', '82');
INSERT INTO `shop_city` VALUES ('935', '市辖区', '83');
INSERT INTO `shop_city` VALUES ('936', '双塔区', '83');
INSERT INTO `shop_city` VALUES ('937', '龙城区', '83');
INSERT INTO `shop_city` VALUES ('938', '朝阳县', '83');
INSERT INTO `shop_city` VALUES ('939', '建平县', '83');
INSERT INTO `shop_city` VALUES ('940', '喀喇沁左翼蒙古族自治县', '83');
INSERT INTO `shop_city` VALUES ('941', '北票市', '83');
INSERT INTO `shop_city` VALUES ('942', '凌源市', '83');
INSERT INTO `shop_city` VALUES ('943', '市辖区', '84');
INSERT INTO `shop_city` VALUES ('944', '连山区', '84');
INSERT INTO `shop_city` VALUES ('945', '龙港区', '84');
INSERT INTO `shop_city` VALUES ('946', '南票区', '84');
INSERT INTO `shop_city` VALUES ('947', '绥中县', '84');
INSERT INTO `shop_city` VALUES ('948', '建昌县', '84');
INSERT INTO `shop_city` VALUES ('949', '兴城市', '84');
INSERT INTO `shop_city` VALUES ('950', '市辖区', '85');
INSERT INTO `shop_city` VALUES ('951', '南关区', '85');
INSERT INTO `shop_city` VALUES ('952', '宽城区', '85');
INSERT INTO `shop_city` VALUES ('953', '朝阳区', '85');
INSERT INTO `shop_city` VALUES ('954', '二道区', '85');
INSERT INTO `shop_city` VALUES ('955', '绿园区', '85');
INSERT INTO `shop_city` VALUES ('956', '双阳区', '85');
INSERT INTO `shop_city` VALUES ('957', '农安县', '85');
INSERT INTO `shop_city` VALUES ('958', '九台市', '85');
INSERT INTO `shop_city` VALUES ('959', '榆树市', '85');
INSERT INTO `shop_city` VALUES ('960', '德惠市', '85');
INSERT INTO `shop_city` VALUES ('961', '市辖区', '86');
INSERT INTO `shop_city` VALUES ('962', '昌邑区', '86');
INSERT INTO `shop_city` VALUES ('963', '龙潭区', '86');
INSERT INTO `shop_city` VALUES ('964', '船营区', '86');
INSERT INTO `shop_city` VALUES ('965', '丰满区', '86');
INSERT INTO `shop_city` VALUES ('966', '永吉县', '86');
INSERT INTO `shop_city` VALUES ('967', '蛟河市', '86');
INSERT INTO `shop_city` VALUES ('968', '桦甸市', '86');
INSERT INTO `shop_city` VALUES ('969', '舒兰市', '86');
INSERT INTO `shop_city` VALUES ('970', '磐石市', '86');
INSERT INTO `shop_city` VALUES ('971', '市辖区', '87');
INSERT INTO `shop_city` VALUES ('972', '铁西区', '87');
INSERT INTO `shop_city` VALUES ('973', '铁东区', '87');
INSERT INTO `shop_city` VALUES ('974', '梨树县', '87');
INSERT INTO `shop_city` VALUES ('975', '伊通满族自治县', '87');
INSERT INTO `shop_city` VALUES ('976', '公主岭市', '87');
INSERT INTO `shop_city` VALUES ('977', '双辽市', '87');
INSERT INTO `shop_city` VALUES ('978', '市辖区', '88');
INSERT INTO `shop_city` VALUES ('979', '龙山区', '88');
INSERT INTO `shop_city` VALUES ('980', '西安区', '88');
INSERT INTO `shop_city` VALUES ('981', '东丰县', '88');
INSERT INTO `shop_city` VALUES ('982', '东辽县', '88');
INSERT INTO `shop_city` VALUES ('983', '市辖区', '89');
INSERT INTO `shop_city` VALUES ('984', '东昌区', '89');
INSERT INTO `shop_city` VALUES ('985', '二道江区', '89');
INSERT INTO `shop_city` VALUES ('986', '通化县', '89');
INSERT INTO `shop_city` VALUES ('987', '辉南县', '89');
INSERT INTO `shop_city` VALUES ('988', '柳河县', '89');
INSERT INTO `shop_city` VALUES ('989', '梅河口市', '89');
INSERT INTO `shop_city` VALUES ('990', '集安市', '89');
INSERT INTO `shop_city` VALUES ('991', '市辖区', '90');
INSERT INTO `shop_city` VALUES ('992', '八道江区', '90');
INSERT INTO `shop_city` VALUES ('993', '抚松县', '90');
INSERT INTO `shop_city` VALUES ('994', '靖宇县', '90');
INSERT INTO `shop_city` VALUES ('995', '长白朝鲜族自治县', '90');
INSERT INTO `shop_city` VALUES ('996', '江源区', '90');
INSERT INTO `shop_city` VALUES ('997', '临江市', '90');
INSERT INTO `shop_city` VALUES ('998', '市辖区', '91');
INSERT INTO `shop_city` VALUES ('999', '宁江区', '91');
INSERT INTO `shop_city` VALUES ('1000', '前郭尔罗斯蒙古族自治县', '91');
INSERT INTO `shop_city` VALUES ('1001', '长岭县', '91');
INSERT INTO `shop_city` VALUES ('1002', '乾安县', '91');
INSERT INTO `shop_city` VALUES ('1003', '扶余县', '91');
INSERT INTO `shop_city` VALUES ('1004', '市辖区', '92');
INSERT INTO `shop_city` VALUES ('1005', '洮北区', '92');
INSERT INTO `shop_city` VALUES ('1006', '镇赉县', '92');
INSERT INTO `shop_city` VALUES ('1007', '通榆县', '92');
INSERT INTO `shop_city` VALUES ('1008', '洮南市', '92');
INSERT INTO `shop_city` VALUES ('1009', '大安市', '92');
INSERT INTO `shop_city` VALUES ('1010', '延吉市', '93');
INSERT INTO `shop_city` VALUES ('1011', '图们市', '93');
INSERT INTO `shop_city` VALUES ('1012', '敦化市', '93');
INSERT INTO `shop_city` VALUES ('1013', '珲春市', '93');
INSERT INTO `shop_city` VALUES ('1014', '龙井市', '93');
INSERT INTO `shop_city` VALUES ('1015', '和龙市', '93');
INSERT INTO `shop_city` VALUES ('1016', '汪清县', '93');
INSERT INTO `shop_city` VALUES ('1017', '安图县', '93');
INSERT INTO `shop_city` VALUES ('1018', '市辖区', '94');
INSERT INTO `shop_city` VALUES ('1019', '道里区', '94');
INSERT INTO `shop_city` VALUES ('1020', '南岗区', '94');
INSERT INTO `shop_city` VALUES ('1021', '道外区', '94');
INSERT INTO `shop_city` VALUES ('1022', '香坊区', '94');
INSERT INTO `shop_city` VALUES ('1024', '平房区', '94');
INSERT INTO `shop_city` VALUES ('1025', '松北区', '94');
INSERT INTO `shop_city` VALUES ('1026', '呼兰区', '94');
INSERT INTO `shop_city` VALUES ('1027', '依兰县', '94');
INSERT INTO `shop_city` VALUES ('1028', '方正县', '94');
INSERT INTO `shop_city` VALUES ('1029', '宾县', '94');
INSERT INTO `shop_city` VALUES ('1030', '巴彦县', '94');
INSERT INTO `shop_city` VALUES ('1031', '木兰县', '94');
INSERT INTO `shop_city` VALUES ('1032', '通河县', '94');
INSERT INTO `shop_city` VALUES ('1033', '延寿县', '94');
INSERT INTO `shop_city` VALUES ('1034', '阿城区', '94');
INSERT INTO `shop_city` VALUES ('1035', '双城市', '94');
INSERT INTO `shop_city` VALUES ('1036', '尚志市', '94');
INSERT INTO `shop_city` VALUES ('1037', '五常市', '94');
INSERT INTO `shop_city` VALUES ('1038', '市辖区', '95');
INSERT INTO `shop_city` VALUES ('1039', '龙沙区', '95');
INSERT INTO `shop_city` VALUES ('1040', '建华区', '95');
INSERT INTO `shop_city` VALUES ('1041', '铁锋区', '95');
INSERT INTO `shop_city` VALUES ('1042', '昂昂溪区', '95');
INSERT INTO `shop_city` VALUES ('1043', '富拉尔基区', '95');
INSERT INTO `shop_city` VALUES ('1044', '碾子山区', '95');
INSERT INTO `shop_city` VALUES ('1045', '梅里斯达斡尔族区', '95');
INSERT INTO `shop_city` VALUES ('1046', '龙江县', '95');
INSERT INTO `shop_city` VALUES ('1047', '依安县', '95');
INSERT INTO `shop_city` VALUES ('1048', '泰来县', '95');
INSERT INTO `shop_city` VALUES ('1049', '甘南县', '95');
INSERT INTO `shop_city` VALUES ('1050', '富裕县', '95');
INSERT INTO `shop_city` VALUES ('1051', '克山县', '95');
INSERT INTO `shop_city` VALUES ('1052', '克东县', '95');
INSERT INTO `shop_city` VALUES ('1053', '拜泉县', '95');
INSERT INTO `shop_city` VALUES ('1054', '讷河市', '95');
INSERT INTO `shop_city` VALUES ('1055', '市辖区', '96');
INSERT INTO `shop_city` VALUES ('1056', '鸡冠区', '96');
INSERT INTO `shop_city` VALUES ('1057', '恒山区', '96');
INSERT INTO `shop_city` VALUES ('1058', '滴道区', '96');
INSERT INTO `shop_city` VALUES ('1059', '梨树区', '96');
INSERT INTO `shop_city` VALUES ('1060', '城子河区', '96');
INSERT INTO `shop_city` VALUES ('1061', '麻山区', '96');
INSERT INTO `shop_city` VALUES ('1062', '鸡东县', '96');
INSERT INTO `shop_city` VALUES ('1063', '虎林市', '96');
INSERT INTO `shop_city` VALUES ('1064', '密山市', '96');
INSERT INTO `shop_city` VALUES ('1065', '市辖区', '97');
INSERT INTO `shop_city` VALUES ('1066', '向阳区', '97');
INSERT INTO `shop_city` VALUES ('1067', '工农区', '97');
INSERT INTO `shop_city` VALUES ('1068', '南山区', '97');
INSERT INTO `shop_city` VALUES ('1069', '兴安区', '97');
INSERT INTO `shop_city` VALUES ('1070', '东山区', '97');
INSERT INTO `shop_city` VALUES ('1071', '兴山区', '97');
INSERT INTO `shop_city` VALUES ('1072', '萝北县', '97');
INSERT INTO `shop_city` VALUES ('1073', '绥滨县', '97');
INSERT INTO `shop_city` VALUES ('1074', '市辖区', '98');
INSERT INTO `shop_city` VALUES ('1075', '尖山区', '98');
INSERT INTO `shop_city` VALUES ('1076', '岭东区', '98');
INSERT INTO `shop_city` VALUES ('1077', '四方台区', '98');
INSERT INTO `shop_city` VALUES ('1078', '宝山区', '98');
INSERT INTO `shop_city` VALUES ('1079', '集贤县', '98');
INSERT INTO `shop_city` VALUES ('1080', '友谊县', '98');
INSERT INTO `shop_city` VALUES ('1081', '宝清县', '98');
INSERT INTO `shop_city` VALUES ('1082', '饶河县', '98');
INSERT INTO `shop_city` VALUES ('1083', '市辖区', '99');
INSERT INTO `shop_city` VALUES ('1084', '萨尔图区', '99');
INSERT INTO `shop_city` VALUES ('1085', '龙凤区', '99');
INSERT INTO `shop_city` VALUES ('1086', '让胡路区', '99');
INSERT INTO `shop_city` VALUES ('1087', '红岗区', '99');
INSERT INTO `shop_city` VALUES ('1088', '大同区', '99');
INSERT INTO `shop_city` VALUES ('1089', '肇州县', '99');
INSERT INTO `shop_city` VALUES ('1090', '肇源县', '99');
INSERT INTO `shop_city` VALUES ('1091', '林甸县', '99');
INSERT INTO `shop_city` VALUES ('1092', '杜尔伯特蒙古族自治县', '99');
INSERT INTO `shop_city` VALUES ('1093', '市辖区', '100');
INSERT INTO `shop_city` VALUES ('1094', '伊春区', '100');
INSERT INTO `shop_city` VALUES ('1095', '南岔区', '100');
INSERT INTO `shop_city` VALUES ('1096', '友好区', '100');
INSERT INTO `shop_city` VALUES ('1097', '西林区', '100');
INSERT INTO `shop_city` VALUES ('1098', '翠峦区', '100');
INSERT INTO `shop_city` VALUES ('1099', '新青区', '100');
INSERT INTO `shop_city` VALUES ('1100', '美溪区', '100');
INSERT INTO `shop_city` VALUES ('1101', '金山屯区', '100');
INSERT INTO `shop_city` VALUES ('1102', '五营区', '100');
INSERT INTO `shop_city` VALUES ('1103', '乌马河区', '100');
INSERT INTO `shop_city` VALUES ('1104', '汤旺河区', '100');
INSERT INTO `shop_city` VALUES ('1105', '带岭区', '100');
INSERT INTO `shop_city` VALUES ('1106', '乌伊岭区', '100');
INSERT INTO `shop_city` VALUES ('1107', '红星区', '100');
INSERT INTO `shop_city` VALUES ('1108', '上甘岭区', '100');
INSERT INTO `shop_city` VALUES ('1109', '嘉荫县', '100');
INSERT INTO `shop_city` VALUES ('1110', '铁力市', '100');
INSERT INTO `shop_city` VALUES ('1111', '市辖区', '101');
INSERT INTO `shop_city` VALUES ('1113', '向阳区', '101');
INSERT INTO `shop_city` VALUES ('1114', '前进区', '101');
INSERT INTO `shop_city` VALUES ('1115', '东风区', '101');
INSERT INTO `shop_city` VALUES ('1116', '郊区', '101');
INSERT INTO `shop_city` VALUES ('1117', '桦南县', '101');
INSERT INTO `shop_city` VALUES ('1118', '桦川县', '101');
INSERT INTO `shop_city` VALUES ('1119', '汤原县', '101');
INSERT INTO `shop_city` VALUES ('1120', '抚远县', '101');
INSERT INTO `shop_city` VALUES ('1121', '同江市', '101');
INSERT INTO `shop_city` VALUES ('1122', '富锦市', '101');
INSERT INTO `shop_city` VALUES ('1123', '市辖区', '102');
INSERT INTO `shop_city` VALUES ('1124', '新兴区', '102');
INSERT INTO `shop_city` VALUES ('1125', '桃山区', '102');
INSERT INTO `shop_city` VALUES ('1126', '茄子河区', '102');
INSERT INTO `shop_city` VALUES ('1127', '勃利县', '102');
INSERT INTO `shop_city` VALUES ('1128', '市辖区', '103');
INSERT INTO `shop_city` VALUES ('1129', '东安区', '103');
INSERT INTO `shop_city` VALUES ('1130', '阳明区', '103');
INSERT INTO `shop_city` VALUES ('1131', '爱民区', '103');
INSERT INTO `shop_city` VALUES ('1132', '西安区', '103');
INSERT INTO `shop_city` VALUES ('1133', '东宁县', '103');
INSERT INTO `shop_city` VALUES ('1134', '林口县', '103');
INSERT INTO `shop_city` VALUES ('1135', '绥芬河市', '103');
INSERT INTO `shop_city` VALUES ('1136', '海林市', '103');
INSERT INTO `shop_city` VALUES ('1137', '宁安市', '103');
INSERT INTO `shop_city` VALUES ('1138', '穆棱市', '103');
INSERT INTO `shop_city` VALUES ('1139', '市辖区', '104');
INSERT INTO `shop_city` VALUES ('1140', '爱辉区', '104');
INSERT INTO `shop_city` VALUES ('1141', '嫩江县', '104');
INSERT INTO `shop_city` VALUES ('1142', '逊克县', '104');
INSERT INTO `shop_city` VALUES ('1143', '孙吴县', '104');
INSERT INTO `shop_city` VALUES ('1144', '北安市', '104');
INSERT INTO `shop_city` VALUES ('1145', '五大连池市', '104');
INSERT INTO `shop_city` VALUES ('1146', '市辖区', '105');
INSERT INTO `shop_city` VALUES ('1147', '北林区', '105');
INSERT INTO `shop_city` VALUES ('1148', '望奎县', '105');
INSERT INTO `shop_city` VALUES ('1149', '兰西县', '105');
INSERT INTO `shop_city` VALUES ('1150', '青冈县', '105');
INSERT INTO `shop_city` VALUES ('1151', '庆安县', '105');
INSERT INTO `shop_city` VALUES ('1152', '明水县', '105');
INSERT INTO `shop_city` VALUES ('1153', '绥棱县', '105');
INSERT INTO `shop_city` VALUES ('1154', '安达市', '105');
INSERT INTO `shop_city` VALUES ('1155', '肇东市', '105');
INSERT INTO `shop_city` VALUES ('1156', '海伦市', '105');
INSERT INTO `shop_city` VALUES ('1157', '呼玛县', '106');
INSERT INTO `shop_city` VALUES ('1158', '塔河县', '106');
INSERT INTO `shop_city` VALUES ('1159', '漠河县', '106');
INSERT INTO `shop_city` VALUES ('1160', '黄浦区', '107');
INSERT INTO `shop_city` VALUES ('1161', '卢湾区', '107');
INSERT INTO `shop_city` VALUES ('1162', '徐汇区', '107');
INSERT INTO `shop_city` VALUES ('1163', '长宁区', '107');
INSERT INTO `shop_city` VALUES ('1164', '静安区', '107');
INSERT INTO `shop_city` VALUES ('1165', '普陀区', '107');
INSERT INTO `shop_city` VALUES ('1166', '闸北区', '107');
INSERT INTO `shop_city` VALUES ('1167', '虹口区', '107');
INSERT INTO `shop_city` VALUES ('1168', '杨浦区', '107');
INSERT INTO `shop_city` VALUES ('1169', '闵行区', '107');
INSERT INTO `shop_city` VALUES ('1170', '宝山区', '107');
INSERT INTO `shop_city` VALUES ('1171', '嘉定区', '107');
INSERT INTO `shop_city` VALUES ('1172', '浦东新区', '107');
INSERT INTO `shop_city` VALUES ('1173', '金山区', '107');
INSERT INTO `shop_city` VALUES ('1174', '松江区', '107');
INSERT INTO `shop_city` VALUES ('1175', '青浦区', '107');
INSERT INTO `shop_city` VALUES ('1177', '奉贤区', '107');
INSERT INTO `shop_city` VALUES ('1178', '崇明县', '108');
INSERT INTO `shop_city` VALUES ('1179', '市辖区', '109');
INSERT INTO `shop_city` VALUES ('1180', '玄武区', '109');
INSERT INTO `shop_city` VALUES ('1181', '白下区', '109');
INSERT INTO `shop_city` VALUES ('1182', '秦淮区', '109');
INSERT INTO `shop_city` VALUES ('1183', '建邺区', '109');
INSERT INTO `shop_city` VALUES ('1184', '鼓楼区', '109');
INSERT INTO `shop_city` VALUES ('1185', '下关区', '109');
INSERT INTO `shop_city` VALUES ('1186', '浦口区', '109');
INSERT INTO `shop_city` VALUES ('1187', '栖霞区', '109');
INSERT INTO `shop_city` VALUES ('1188', '雨花台区', '109');
INSERT INTO `shop_city` VALUES ('1189', '江宁区', '109');
INSERT INTO `shop_city` VALUES ('1190', '六合区', '109');
INSERT INTO `shop_city` VALUES ('1191', '溧水县', '109');
INSERT INTO `shop_city` VALUES ('1192', '高淳县', '109');
INSERT INTO `shop_city` VALUES ('1193', '市辖区', '110');
INSERT INTO `shop_city` VALUES ('1194', '崇安区', '110');
INSERT INTO `shop_city` VALUES ('1195', '南长区', '110');
INSERT INTO `shop_city` VALUES ('1196', '北塘区', '110');
INSERT INTO `shop_city` VALUES ('1197', '锡山区', '110');
INSERT INTO `shop_city` VALUES ('1198', '惠山区', '110');
INSERT INTO `shop_city` VALUES ('1199', '滨湖区', '110');
INSERT INTO `shop_city` VALUES ('1200', '江阴市', '110');
INSERT INTO `shop_city` VALUES ('1201', '宜兴市', '110');
INSERT INTO `shop_city` VALUES ('1202', '市辖区', '111');
INSERT INTO `shop_city` VALUES ('1203', '鼓楼区', '111');
INSERT INTO `shop_city` VALUES ('1204', '云龙区', '111');
INSERT INTO `shop_city` VALUES ('1206', '贾汪区', '111');
INSERT INTO `shop_city` VALUES ('1207', '泉山区', '111');
INSERT INTO `shop_city` VALUES ('1208', '丰县', '111');
INSERT INTO `shop_city` VALUES ('1209', '沛县', '111');
INSERT INTO `shop_city` VALUES ('1210', '铜山区', '111');
INSERT INTO `shop_city` VALUES ('1211', '睢宁县', '111');
INSERT INTO `shop_city` VALUES ('1212', '新沂市', '111');
INSERT INTO `shop_city` VALUES ('1213', '邳州市', '111');
INSERT INTO `shop_city` VALUES ('1214', '市辖区', '112');
INSERT INTO `shop_city` VALUES ('1215', '天宁区', '112');
INSERT INTO `shop_city` VALUES ('1216', '钟楼区', '112');
INSERT INTO `shop_city` VALUES ('1217', '戚墅堰区', '112');
INSERT INTO `shop_city` VALUES ('1218', '新北区', '112');
INSERT INTO `shop_city` VALUES ('1219', '武进区', '112');
INSERT INTO `shop_city` VALUES ('1220', '溧阳市', '112');
INSERT INTO `shop_city` VALUES ('1221', '金坛市', '112');
INSERT INTO `shop_city` VALUES ('1222', '市辖区', '113');
INSERT INTO `shop_city` VALUES ('1223', '沧浪区', '113');
INSERT INTO `shop_city` VALUES ('1224', '平江区', '113');
INSERT INTO `shop_city` VALUES ('1225', '金阊区', '113');
INSERT INTO `shop_city` VALUES ('1226', '虎丘区', '113');
INSERT INTO `shop_city` VALUES ('1227', '吴中区', '113');
INSERT INTO `shop_city` VALUES ('1228', '相城区', '113');
INSERT INTO `shop_city` VALUES ('1229', '常熟市', '113');
INSERT INTO `shop_city` VALUES ('1230', '张家港市', '113');
INSERT INTO `shop_city` VALUES ('1231', '昆山市', '113');
INSERT INTO `shop_city` VALUES ('1232', '吴江市', '113');
INSERT INTO `shop_city` VALUES ('1233', '太仓市', '113');
INSERT INTO `shop_city` VALUES ('1234', '市辖区', '114');
INSERT INTO `shop_city` VALUES ('1235', '崇川区', '114');
INSERT INTO `shop_city` VALUES ('1236', '港闸区', '114');
INSERT INTO `shop_city` VALUES ('1237', '海安县', '114');
INSERT INTO `shop_city` VALUES ('1238', '如东县', '114');
INSERT INTO `shop_city` VALUES ('1239', '启东市', '114');
INSERT INTO `shop_city` VALUES ('1240', '如皋市', '114');
INSERT INTO `shop_city` VALUES ('1241', '通州区', '114');
INSERT INTO `shop_city` VALUES ('1242', '海门市', '114');
INSERT INTO `shop_city` VALUES ('1243', '市辖区', '115');
INSERT INTO `shop_city` VALUES ('1244', '连云区', '115');
INSERT INTO `shop_city` VALUES ('1245', '新浦区', '115');
INSERT INTO `shop_city` VALUES ('1246', '海州区', '115');
INSERT INTO `shop_city` VALUES ('1247', '赣榆县', '115');
INSERT INTO `shop_city` VALUES ('1248', '东海县', '115');
INSERT INTO `shop_city` VALUES ('1249', '灌云县', '115');
INSERT INTO `shop_city` VALUES ('1250', '灌南县', '115');
INSERT INTO `shop_city` VALUES ('1251', '市辖区', '116');
INSERT INTO `shop_city` VALUES ('1252', '清河区', '116');
INSERT INTO `shop_city` VALUES ('1253', '楚州区', '116');
INSERT INTO `shop_city` VALUES ('1254', '淮阴区', '116');
INSERT INTO `shop_city` VALUES ('1255', '清浦区', '116');
INSERT INTO `shop_city` VALUES ('1256', '涟水县', '116');
INSERT INTO `shop_city` VALUES ('1257', '洪泽县', '116');
INSERT INTO `shop_city` VALUES ('1258', '盱眙县', '116');
INSERT INTO `shop_city` VALUES ('1259', '金湖县', '116');
INSERT INTO `shop_city` VALUES ('1260', '市辖区', '117');
INSERT INTO `shop_city` VALUES ('1261', '亭湖区', '117');
INSERT INTO `shop_city` VALUES ('1262', '盐都区', '117');
INSERT INTO `shop_city` VALUES ('1263', '响水县', '117');
INSERT INTO `shop_city` VALUES ('1264', '滨海县', '117');
INSERT INTO `shop_city` VALUES ('1265', '阜宁县', '117');
INSERT INTO `shop_city` VALUES ('1266', '射阳县', '117');
INSERT INTO `shop_city` VALUES ('1267', '建湖县', '117');
INSERT INTO `shop_city` VALUES ('1268', '东台市', '117');
INSERT INTO `shop_city` VALUES ('1269', '大丰市', '117');
INSERT INTO `shop_city` VALUES ('1270', '市辖区', '118');
INSERT INTO `shop_city` VALUES ('1271', '广陵区', '118');
INSERT INTO `shop_city` VALUES ('1272', '邗江区', '118');
INSERT INTO `shop_city` VALUES ('1273', '维扬区', '118');
INSERT INTO `shop_city` VALUES ('1274', '宝应县', '118');
INSERT INTO `shop_city` VALUES ('1275', '仪征市', '118');
INSERT INTO `shop_city` VALUES ('1276', '高邮市', '118');
INSERT INTO `shop_city` VALUES ('1277', '江都市', '118');
INSERT INTO `shop_city` VALUES ('1278', '市辖区', '119');
INSERT INTO `shop_city` VALUES ('1279', '京口区', '119');
INSERT INTO `shop_city` VALUES ('1280', '润州区', '119');
INSERT INTO `shop_city` VALUES ('1281', '丹徒区', '119');
INSERT INTO `shop_city` VALUES ('1282', '丹阳市', '119');
INSERT INTO `shop_city` VALUES ('1283', '扬中市', '119');
INSERT INTO `shop_city` VALUES ('1284', '句容市', '119');
INSERT INTO `shop_city` VALUES ('1285', '市辖区', '120');
INSERT INTO `shop_city` VALUES ('1286', '海陵区', '120');
INSERT INTO `shop_city` VALUES ('1287', '高港区', '120');
INSERT INTO `shop_city` VALUES ('1288', '兴化市', '120');
INSERT INTO `shop_city` VALUES ('1289', '靖江市', '120');
INSERT INTO `shop_city` VALUES ('1290', '泰兴市', '120');
INSERT INTO `shop_city` VALUES ('1291', '姜堰市', '120');
INSERT INTO `shop_city` VALUES ('1292', '市辖区', '121');
INSERT INTO `shop_city` VALUES ('1293', '宿城区', '121');
INSERT INTO `shop_city` VALUES ('1294', '宿豫区', '121');
INSERT INTO `shop_city` VALUES ('1295', '沭阳县', '121');
INSERT INTO `shop_city` VALUES ('1296', '泗阳县', '121');
INSERT INTO `shop_city` VALUES ('1297', '泗洪县', '121');
INSERT INTO `shop_city` VALUES ('1298', '市辖区', '122');
INSERT INTO `shop_city` VALUES ('1299', '上城区', '122');
INSERT INTO `shop_city` VALUES ('1300', '下城区', '122');
INSERT INTO `shop_city` VALUES ('1301', '江干区', '122');
INSERT INTO `shop_city` VALUES ('1302', '拱墅区', '122');
INSERT INTO `shop_city` VALUES ('1303', '西湖区', '122');
INSERT INTO `shop_city` VALUES ('1304', '滨江区', '122');
INSERT INTO `shop_city` VALUES ('1305', '萧山区', '122');
INSERT INTO `shop_city` VALUES ('1306', '余杭区', '122');
INSERT INTO `shop_city` VALUES ('1307', '桐庐县', '122');
INSERT INTO `shop_city` VALUES ('1308', '淳安县', '122');
INSERT INTO `shop_city` VALUES ('1309', '建德市', '122');
INSERT INTO `shop_city` VALUES ('1310', '富阳市', '122');
INSERT INTO `shop_city` VALUES ('1311', '临安市', '122');
INSERT INTO `shop_city` VALUES ('1312', '市辖区', '123');
INSERT INTO `shop_city` VALUES ('1313', '海曙区', '123');
INSERT INTO `shop_city` VALUES ('1314', '江东区', '123');
INSERT INTO `shop_city` VALUES ('1315', '江北区', '123');
INSERT INTO `shop_city` VALUES ('1316', '北仑区', '123');
INSERT INTO `shop_city` VALUES ('1317', '镇海区', '123');
INSERT INTO `shop_city` VALUES ('1318', '鄞州区', '123');
INSERT INTO `shop_city` VALUES ('1319', '象山县', '123');
INSERT INTO `shop_city` VALUES ('1320', '宁海县', '123');
INSERT INTO `shop_city` VALUES ('1321', '余姚市', '123');
INSERT INTO `shop_city` VALUES ('1322', '慈溪市', '123');
INSERT INTO `shop_city` VALUES ('1323', '奉化市', '123');
INSERT INTO `shop_city` VALUES ('1324', '市辖区', '124');
INSERT INTO `shop_city` VALUES ('1325', '鹿城区', '124');
INSERT INTO `shop_city` VALUES ('1326', '龙湾区', '124');
INSERT INTO `shop_city` VALUES ('1327', '瓯海区', '124');
INSERT INTO `shop_city` VALUES ('1328', '洞头县', '124');
INSERT INTO `shop_city` VALUES ('1329', '永嘉县', '124');
INSERT INTO `shop_city` VALUES ('1330', '平阳县', '124');
INSERT INTO `shop_city` VALUES ('1331', '苍南县', '124');
INSERT INTO `shop_city` VALUES ('1332', '文成县', '124');
INSERT INTO `shop_city` VALUES ('1333', '泰顺县', '124');
INSERT INTO `shop_city` VALUES ('1334', '瑞安市', '124');
INSERT INTO `shop_city` VALUES ('1335', '乐清市', '124');
INSERT INTO `shop_city` VALUES ('1336', '市辖区', '125');
INSERT INTO `shop_city` VALUES ('1338', '秀洲区', '125');
INSERT INTO `shop_city` VALUES ('1339', '嘉善县', '125');
INSERT INTO `shop_city` VALUES ('1340', '海盐县', '125');
INSERT INTO `shop_city` VALUES ('1341', '海宁市', '125');
INSERT INTO `shop_city` VALUES ('1342', '平湖市', '125');
INSERT INTO `shop_city` VALUES ('1343', '桐乡市', '125');
INSERT INTO `shop_city` VALUES ('1344', '市辖区', '126');
INSERT INTO `shop_city` VALUES ('1345', '吴兴区', '126');
INSERT INTO `shop_city` VALUES ('1346', '南浔区', '126');
INSERT INTO `shop_city` VALUES ('1347', '德清县', '126');
INSERT INTO `shop_city` VALUES ('1348', '长兴县', '126');
INSERT INTO `shop_city` VALUES ('1349', '安吉县', '126');
INSERT INTO `shop_city` VALUES ('1350', '市辖区', '127');
INSERT INTO `shop_city` VALUES ('1351', '越城区', '127');
INSERT INTO `shop_city` VALUES ('1352', '绍兴县', '127');
INSERT INTO `shop_city` VALUES ('1353', '新昌县', '127');
INSERT INTO `shop_city` VALUES ('1354', '诸暨市', '127');
INSERT INTO `shop_city` VALUES ('1355', '上虞市', '127');
INSERT INTO `shop_city` VALUES ('1356', '嵊州市', '127');
INSERT INTO `shop_city` VALUES ('1357', '市辖区', '128');
INSERT INTO `shop_city` VALUES ('1358', '婺城区', '128');
INSERT INTO `shop_city` VALUES ('1359', '金东区', '128');
INSERT INTO `shop_city` VALUES ('1360', '武义县', '128');
INSERT INTO `shop_city` VALUES ('1361', '浦江县', '128');
INSERT INTO `shop_city` VALUES ('1362', '磐安县', '128');
INSERT INTO `shop_city` VALUES ('1363', '兰溪市', '128');
INSERT INTO `shop_city` VALUES ('1364', '义乌市', '128');
INSERT INTO `shop_city` VALUES ('1365', '东阳市', '128');
INSERT INTO `shop_city` VALUES ('1366', '永康市', '128');
INSERT INTO `shop_city` VALUES ('1367', '市辖区', '129');
INSERT INTO `shop_city` VALUES ('1368', '柯城区', '129');
INSERT INTO `shop_city` VALUES ('1369', '衢江区', '129');
INSERT INTO `shop_city` VALUES ('1370', '常山县', '129');
INSERT INTO `shop_city` VALUES ('1371', '开化县', '129');
INSERT INTO `shop_city` VALUES ('1372', '龙游县', '129');
INSERT INTO `shop_city` VALUES ('1373', '江山市', '129');
INSERT INTO `shop_city` VALUES ('1374', '市辖区', '130');
INSERT INTO `shop_city` VALUES ('1375', '定海区', '130');
INSERT INTO `shop_city` VALUES ('1376', '普陀区', '130');
INSERT INTO `shop_city` VALUES ('1377', '岱山县', '130');
INSERT INTO `shop_city` VALUES ('1378', '嵊泗县', '130');
INSERT INTO `shop_city` VALUES ('1379', '市辖区', '131');
INSERT INTO `shop_city` VALUES ('1380', '椒江区', '131');
INSERT INTO `shop_city` VALUES ('1381', '黄岩区', '131');
INSERT INTO `shop_city` VALUES ('1382', '路桥区', '131');
INSERT INTO `shop_city` VALUES ('1383', '玉环县', '131');
INSERT INTO `shop_city` VALUES ('1384', '三门县', '131');
INSERT INTO `shop_city` VALUES ('1385', '天台县', '131');
INSERT INTO `shop_city` VALUES ('1386', '仙居县', '131');
INSERT INTO `shop_city` VALUES ('1387', '温岭市', '131');
INSERT INTO `shop_city` VALUES ('1388', '临海市', '131');
INSERT INTO `shop_city` VALUES ('1389', '市辖区', '132');
INSERT INTO `shop_city` VALUES ('1390', '莲都区', '132');
INSERT INTO `shop_city` VALUES ('1391', '青田县', '132');
INSERT INTO `shop_city` VALUES ('1392', '缙云县', '132');
INSERT INTO `shop_city` VALUES ('1393', '遂昌县', '132');
INSERT INTO `shop_city` VALUES ('1394', '松阳县', '132');
INSERT INTO `shop_city` VALUES ('1395', '云和县', '132');
INSERT INTO `shop_city` VALUES ('1396', '庆元县', '132');
INSERT INTO `shop_city` VALUES ('1397', '景宁畲族自治县', '132');
INSERT INTO `shop_city` VALUES ('1398', '龙泉市', '132');
INSERT INTO `shop_city` VALUES ('1399', '市辖区', '133');
INSERT INTO `shop_city` VALUES ('1400', '瑶海区', '133');
INSERT INTO `shop_city` VALUES ('1401', '庐阳区', '133');
INSERT INTO `shop_city` VALUES ('1402', '蜀山区', '133');
INSERT INTO `shop_city` VALUES ('1403', '包河区', '133');
INSERT INTO `shop_city` VALUES ('1404', '长丰县', '133');
INSERT INTO `shop_city` VALUES ('1405', '肥东县', '133');
INSERT INTO `shop_city` VALUES ('1406', '肥西县', '133');
INSERT INTO `shop_city` VALUES ('1407', '市辖区', '1412');
INSERT INTO `shop_city` VALUES ('1408', '镜湖区', '1412');
INSERT INTO `shop_city` VALUES ('1409', '三山区', '1412');
INSERT INTO `shop_city` VALUES ('1410', '弋江区', '1412');
INSERT INTO `shop_city` VALUES ('1411', '鸠江区', '1412');
INSERT INTO `shop_city` VALUES ('1412', '芜湖市', '134');
INSERT INTO `shop_city` VALUES ('1413', '繁昌县', '1412');
INSERT INTO `shop_city` VALUES ('1414', '南陵县', '1412');
INSERT INTO `shop_city` VALUES ('1415', '市辖区', '135');
INSERT INTO `shop_city` VALUES ('1416', '龙子湖区', '135');
INSERT INTO `shop_city` VALUES ('1417', '蚌山区', '135');
INSERT INTO `shop_city` VALUES ('1418', '禹会区', '135');
INSERT INTO `shop_city` VALUES ('1419', '淮上区', '135');
INSERT INTO `shop_city` VALUES ('1420', '怀远县', '135');
INSERT INTO `shop_city` VALUES ('1421', '五河县', '135');
INSERT INTO `shop_city` VALUES ('1422', '固镇县', '135');
INSERT INTO `shop_city` VALUES ('1423', '市辖区', '136');
INSERT INTO `shop_city` VALUES ('1424', '大通区', '136');
INSERT INTO `shop_city` VALUES ('1425', '田家庵区', '136');
INSERT INTO `shop_city` VALUES ('1426', '谢家集区', '136');
INSERT INTO `shop_city` VALUES ('1427', '八公山区', '136');
INSERT INTO `shop_city` VALUES ('1428', '潘集区', '136');
INSERT INTO `shop_city` VALUES ('1429', '凤台县', '136');
INSERT INTO `shop_city` VALUES ('1430', '市辖区', '137');
INSERT INTO `shop_city` VALUES ('1431', '金家庄区', '137');
INSERT INTO `shop_city` VALUES ('1432', '花山区', '137');
INSERT INTO `shop_city` VALUES ('1433', '雨山区', '137');
INSERT INTO `shop_city` VALUES ('1434', '当涂县', '137');
INSERT INTO `shop_city` VALUES ('1435', '市辖区', '138');
INSERT INTO `shop_city` VALUES ('1436', '杜集区', '138');
INSERT INTO `shop_city` VALUES ('1437', '相山区', '138');
INSERT INTO `shop_city` VALUES ('1438', '烈山区', '138');
INSERT INTO `shop_city` VALUES ('1439', '濉溪县', '138');
INSERT INTO `shop_city` VALUES ('1440', '市辖区', '139');
INSERT INTO `shop_city` VALUES ('1441', '铜官山区', '139');
INSERT INTO `shop_city` VALUES ('1442', '狮子山区', '139');
INSERT INTO `shop_city` VALUES ('1443', '郊区', '139');
INSERT INTO `shop_city` VALUES ('1444', '铜陵县', '139');
INSERT INTO `shop_city` VALUES ('1445', '市辖区', '140');
INSERT INTO `shop_city` VALUES ('1446', '迎江区', '140');
INSERT INTO `shop_city` VALUES ('1447', '大观区', '140');
INSERT INTO `shop_city` VALUES ('1448', '宜秀区', '140');
INSERT INTO `shop_city` VALUES ('1449', '怀宁县', '140');
INSERT INTO `shop_city` VALUES ('1450', '枞阳县', '140');
INSERT INTO `shop_city` VALUES ('1451', '潜山县', '140');
INSERT INTO `shop_city` VALUES ('1452', '太湖县', '140');
INSERT INTO `shop_city` VALUES ('1453', '宿松县', '140');
INSERT INTO `shop_city` VALUES ('1454', '望江县', '140');
INSERT INTO `shop_city` VALUES ('1455', '岳西县', '140');
INSERT INTO `shop_city` VALUES ('1456', '桐城市', '140');
INSERT INTO `shop_city` VALUES ('1457', '市辖区', '141');
INSERT INTO `shop_city` VALUES ('1458', '屯溪区', '141');
INSERT INTO `shop_city` VALUES ('1459', '黄山区', '141');
INSERT INTO `shop_city` VALUES ('1460', '徽州区', '141');
INSERT INTO `shop_city` VALUES ('1461', '歙县', '141');
INSERT INTO `shop_city` VALUES ('1462', '休宁县', '141');
INSERT INTO `shop_city` VALUES ('1463', '黟县', '141');
INSERT INTO `shop_city` VALUES ('1464', '祁门县', '141');
INSERT INTO `shop_city` VALUES ('1465', '市辖区', '142');
INSERT INTO `shop_city` VALUES ('1466', '琅琊区', '142');
INSERT INTO `shop_city` VALUES ('1467', '南谯区', '142');
INSERT INTO `shop_city` VALUES ('1468', '来安县', '142');
INSERT INTO `shop_city` VALUES ('1469', '全椒县', '142');
INSERT INTO `shop_city` VALUES ('1470', '定远县', '142');
INSERT INTO `shop_city` VALUES ('1471', '凤阳县', '142');
INSERT INTO `shop_city` VALUES ('1472', '天长市', '142');
INSERT INTO `shop_city` VALUES ('1473', '明光市', '142');
INSERT INTO `shop_city` VALUES ('1474', '市辖区', '143');
INSERT INTO `shop_city` VALUES ('1475', '颍州区', '143');
INSERT INTO `shop_city` VALUES ('1476', '颍东区', '143');
INSERT INTO `shop_city` VALUES ('1477', '颍泉区', '143');
INSERT INTO `shop_city` VALUES ('1478', '临泉县', '143');
INSERT INTO `shop_city` VALUES ('1479', '太和县', '143');
INSERT INTO `shop_city` VALUES ('1480', '阜南县', '143');
INSERT INTO `shop_city` VALUES ('1481', '颍上县', '143');
INSERT INTO `shop_city` VALUES ('1482', '界首市', '143');
INSERT INTO `shop_city` VALUES ('1483', '市辖区', '144');
INSERT INTO `shop_city` VALUES ('1484', '埇桥区', '144');
INSERT INTO `shop_city` VALUES ('1485', '砀山县', '144');
INSERT INTO `shop_city` VALUES ('1486', '萧县', '144');
INSERT INTO `shop_city` VALUES ('1487', '灵璧县', '144');
INSERT INTO `shop_city` VALUES ('1488', '泗县', '144');
INSERT INTO `shop_city` VALUES ('1489', '市辖区', '145');
INSERT INTO `shop_city` VALUES ('1490', '居巢区', '145');
INSERT INTO `shop_city` VALUES ('1491', '庐江县', '145');
INSERT INTO `shop_city` VALUES ('1492', '无为县', '145');
INSERT INTO `shop_city` VALUES ('1493', '含山县', '145');
INSERT INTO `shop_city` VALUES ('1494', '和县', '145');
INSERT INTO `shop_city` VALUES ('1495', '市辖区', '146');
INSERT INTO `shop_city` VALUES ('1496', '金安区', '146');
INSERT INTO `shop_city` VALUES ('1497', '裕安区', '146');
INSERT INTO `shop_city` VALUES ('1498', '寿县', '146');
INSERT INTO `shop_city` VALUES ('1499', '霍邱县', '146');
INSERT INTO `shop_city` VALUES ('1500', '舒城县', '146');
INSERT INTO `shop_city` VALUES ('1501', '金寨县', '146');
INSERT INTO `shop_city` VALUES ('1502', '霍山县', '146');
INSERT INTO `shop_city` VALUES ('1503', '市辖区', '147');
INSERT INTO `shop_city` VALUES ('1504', '谯城区', '147');
INSERT INTO `shop_city` VALUES ('1505', '涡阳县', '147');
INSERT INTO `shop_city` VALUES ('1506', '蒙城县', '147');
INSERT INTO `shop_city` VALUES ('1507', '利辛县', '147');
INSERT INTO `shop_city` VALUES ('1508', '市辖区', '148');
INSERT INTO `shop_city` VALUES ('1509', '贵池区', '148');
INSERT INTO `shop_city` VALUES ('1510', '东至县', '148');
INSERT INTO `shop_city` VALUES ('1511', '石台县', '148');
INSERT INTO `shop_city` VALUES ('1512', '青阳县', '148');
INSERT INTO `shop_city` VALUES ('1513', '市辖区', '149');
INSERT INTO `shop_city` VALUES ('1514', '宣州区', '149');
INSERT INTO `shop_city` VALUES ('1515', '郎溪县', '149');
INSERT INTO `shop_city` VALUES ('1516', '广德县', '149');
INSERT INTO `shop_city` VALUES ('1517', '泾县', '149');
INSERT INTO `shop_city` VALUES ('1518', '绩溪县', '149');
INSERT INTO `shop_city` VALUES ('1519', '旌德县', '149');
INSERT INTO `shop_city` VALUES ('1520', '宁国市', '149');
INSERT INTO `shop_city` VALUES ('1521', '市辖区', '150');
INSERT INTO `shop_city` VALUES ('1522', '鼓楼区', '150');
INSERT INTO `shop_city` VALUES ('1523', '台江区', '150');
INSERT INTO `shop_city` VALUES ('1524', '仓山区', '150');
INSERT INTO `shop_city` VALUES ('1525', '马尾区', '150');
INSERT INTO `shop_city` VALUES ('1526', '晋安区', '150');
INSERT INTO `shop_city` VALUES ('1527', '闽侯县', '150');
INSERT INTO `shop_city` VALUES ('1528', '连江县', '150');
INSERT INTO `shop_city` VALUES ('1529', '罗源县', '150');
INSERT INTO `shop_city` VALUES ('1530', '闽清县', '150');
INSERT INTO `shop_city` VALUES ('1531', '永泰县', '150');
INSERT INTO `shop_city` VALUES ('1532', '平潭县', '150');
INSERT INTO `shop_city` VALUES ('1533', '福清市', '150');
INSERT INTO `shop_city` VALUES ('1534', '长乐市', '150');
INSERT INTO `shop_city` VALUES ('1535', '市辖区', '151');
INSERT INTO `shop_city` VALUES ('1536', '思明区', '151');
INSERT INTO `shop_city` VALUES ('1537', '海沧区', '151');
INSERT INTO `shop_city` VALUES ('1538', '湖里区', '151');
INSERT INTO `shop_city` VALUES ('1539', '集美区', '151');
INSERT INTO `shop_city` VALUES ('1540', '同安区', '151');
INSERT INTO `shop_city` VALUES ('1541', '翔安区', '151');
INSERT INTO `shop_city` VALUES ('1542', '市辖区', '152');
INSERT INTO `shop_city` VALUES ('1543', '城厢区', '152');
INSERT INTO `shop_city` VALUES ('1544', '涵江区', '152');
INSERT INTO `shop_city` VALUES ('1545', '荔城区', '152');
INSERT INTO `shop_city` VALUES ('1546', '秀屿区', '152');
INSERT INTO `shop_city` VALUES ('1547', '仙游县', '152');
INSERT INTO `shop_city` VALUES ('1548', '市辖区', '153');
INSERT INTO `shop_city` VALUES ('1549', '梅列区', '153');
INSERT INTO `shop_city` VALUES ('1550', '三元区', '153');
INSERT INTO `shop_city` VALUES ('1551', '明溪县', '153');
INSERT INTO `shop_city` VALUES ('1552', '清流县', '153');
INSERT INTO `shop_city` VALUES ('1553', '宁化县', '153');
INSERT INTO `shop_city` VALUES ('1554', '大田县', '153');
INSERT INTO `shop_city` VALUES ('1555', '尤溪县', '153');
INSERT INTO `shop_city` VALUES ('1556', '沙县', '153');
INSERT INTO `shop_city` VALUES ('1557', '将乐县', '153');
INSERT INTO `shop_city` VALUES ('1558', '泰宁县', '153');
INSERT INTO `shop_city` VALUES ('1559', '建宁县', '153');
INSERT INTO `shop_city` VALUES ('1560', '永安市', '153');
INSERT INTO `shop_city` VALUES ('1561', '市辖区', '154');
INSERT INTO `shop_city` VALUES ('1562', '鲤城区', '154');
INSERT INTO `shop_city` VALUES ('1563', '丰泽区', '154');
INSERT INTO `shop_city` VALUES ('1564', '洛江区', '154');
INSERT INTO `shop_city` VALUES ('1565', '泉港区', '154');
INSERT INTO `shop_city` VALUES ('1566', '惠安县', '154');
INSERT INTO `shop_city` VALUES ('1567', '安溪县', '154');
INSERT INTO `shop_city` VALUES ('1568', '永春县', '154');
INSERT INTO `shop_city` VALUES ('1569', '德化县', '154');
INSERT INTO `shop_city` VALUES ('1570', '金门县', '154');
INSERT INTO `shop_city` VALUES ('1571', '石狮市', '154');
INSERT INTO `shop_city` VALUES ('1572', '晋江市', '154');
INSERT INTO `shop_city` VALUES ('1573', '南安市', '154');
INSERT INTO `shop_city` VALUES ('1574', '市辖区', '155');
INSERT INTO `shop_city` VALUES ('1575', '芗城区', '155');
INSERT INTO `shop_city` VALUES ('1576', '龙文区', '155');
INSERT INTO `shop_city` VALUES ('1577', '云霄县', '155');
INSERT INTO `shop_city` VALUES ('1578', '漳浦县', '155');
INSERT INTO `shop_city` VALUES ('1579', '诏安县', '155');
INSERT INTO `shop_city` VALUES ('1580', '长泰县', '155');
INSERT INTO `shop_city` VALUES ('1581', '东山县', '155');
INSERT INTO `shop_city` VALUES ('1582', '南靖县', '155');
INSERT INTO `shop_city` VALUES ('1583', '平和县', '155');
INSERT INTO `shop_city` VALUES ('1584', '华安县', '155');
INSERT INTO `shop_city` VALUES ('1585', '龙海市', '155');
INSERT INTO `shop_city` VALUES ('1586', '市辖区', '156');
INSERT INTO `shop_city` VALUES ('1587', '延平区', '156');
INSERT INTO `shop_city` VALUES ('1588', '顺昌县', '156');
INSERT INTO `shop_city` VALUES ('1589', '浦城县', '156');
INSERT INTO `shop_city` VALUES ('1590', '光泽县', '156');
INSERT INTO `shop_city` VALUES ('1591', '松溪县', '156');
INSERT INTO `shop_city` VALUES ('1592', '政和县', '156');
INSERT INTO `shop_city` VALUES ('1593', '邵武市', '156');
INSERT INTO `shop_city` VALUES ('1594', '武夷山市', '156');
INSERT INTO `shop_city` VALUES ('1595', '建瓯市', '156');
INSERT INTO `shop_city` VALUES ('1596', '建阳市', '156');
INSERT INTO `shop_city` VALUES ('1597', '市辖区', '157');
INSERT INTO `shop_city` VALUES ('1598', '新罗区', '157');
INSERT INTO `shop_city` VALUES ('1599', '长汀县', '157');
INSERT INTO `shop_city` VALUES ('1600', '永定县', '157');
INSERT INTO `shop_city` VALUES ('1601', '上杭县', '157');
INSERT INTO `shop_city` VALUES ('1602', '武平县', '157');
INSERT INTO `shop_city` VALUES ('1603', '连城县', '157');
INSERT INTO `shop_city` VALUES ('1604', '漳平市', '157');
INSERT INTO `shop_city` VALUES ('1605', '市辖区', '158');
INSERT INTO `shop_city` VALUES ('1606', '蕉城区', '158');
INSERT INTO `shop_city` VALUES ('1607', '霞浦县', '158');
INSERT INTO `shop_city` VALUES ('1608', '古田县', '158');
INSERT INTO `shop_city` VALUES ('1609', '屏南县', '158');
INSERT INTO `shop_city` VALUES ('1610', '寿宁县', '158');
INSERT INTO `shop_city` VALUES ('1611', '周宁县', '158');
INSERT INTO `shop_city` VALUES ('1612', '柘荣县', '158');
INSERT INTO `shop_city` VALUES ('1613', '福安市', '158');
INSERT INTO `shop_city` VALUES ('1614', '福鼎市', '158');
INSERT INTO `shop_city` VALUES ('1615', '市辖区', '159');
INSERT INTO `shop_city` VALUES ('1616', '东湖区', '159');
INSERT INTO `shop_city` VALUES ('1617', '西湖区', '159');
INSERT INTO `shop_city` VALUES ('1618', '青云谱区', '159');
INSERT INTO `shop_city` VALUES ('1619', '湾里区', '159');
INSERT INTO `shop_city` VALUES ('1620', '青山湖区', '159');
INSERT INTO `shop_city` VALUES ('1621', '南昌县', '159');
INSERT INTO `shop_city` VALUES ('1622', '新建县', '159');
INSERT INTO `shop_city` VALUES ('1623', '安义县', '159');
INSERT INTO `shop_city` VALUES ('1624', '进贤县', '159');
INSERT INTO `shop_city` VALUES ('1625', '市辖区', '160');
INSERT INTO `shop_city` VALUES ('1626', '昌江区', '160');
INSERT INTO `shop_city` VALUES ('1627', '珠山区', '160');
INSERT INTO `shop_city` VALUES ('1628', '浮梁县', '160');
INSERT INTO `shop_city` VALUES ('1629', '乐平市', '160');
INSERT INTO `shop_city` VALUES ('1630', '市辖区', '161');
INSERT INTO `shop_city` VALUES ('1631', '安源区', '161');
INSERT INTO `shop_city` VALUES ('1632', '湘东区', '161');
INSERT INTO `shop_city` VALUES ('1633', '莲花县', '161');
INSERT INTO `shop_city` VALUES ('1634', '上栗县', '161');
INSERT INTO `shop_city` VALUES ('1635', '芦溪县', '161');
INSERT INTO `shop_city` VALUES ('1636', '市辖区', '162');
INSERT INTO `shop_city` VALUES ('1637', '庐山区', '162');
INSERT INTO `shop_city` VALUES ('1638', '浔阳区', '162');
INSERT INTO `shop_city` VALUES ('1639', '九江县', '162');
INSERT INTO `shop_city` VALUES ('1640', '武宁县', '162');
INSERT INTO `shop_city` VALUES ('1641', '修水县', '162');
INSERT INTO `shop_city` VALUES ('1642', '永修县', '162');
INSERT INTO `shop_city` VALUES ('1643', '德安县', '162');
INSERT INTO `shop_city` VALUES ('1644', '星子县', '162');
INSERT INTO `shop_city` VALUES ('1645', '都昌县', '162');
INSERT INTO `shop_city` VALUES ('1646', '湖口县', '162');
INSERT INTO `shop_city` VALUES ('1647', '彭泽县', '162');
INSERT INTO `shop_city` VALUES ('1648', '瑞昌市', '162');
INSERT INTO `shop_city` VALUES ('1649', '市辖区', '163');
INSERT INTO `shop_city` VALUES ('1650', '渝水区', '163');
INSERT INTO `shop_city` VALUES ('1651', '分宜县', '163');
INSERT INTO `shop_city` VALUES ('1652', '市辖区', '164');
INSERT INTO `shop_city` VALUES ('1653', '月湖区', '164');
INSERT INTO `shop_city` VALUES ('1654', '余江县', '164');
INSERT INTO `shop_city` VALUES ('1655', '贵溪市', '164');
INSERT INTO `shop_city` VALUES ('1656', '市辖区', '165');
INSERT INTO `shop_city` VALUES ('1657', '章贡区', '165');
INSERT INTO `shop_city` VALUES ('1658', '赣县', '165');
INSERT INTO `shop_city` VALUES ('1659', '信丰县', '165');
INSERT INTO `shop_city` VALUES ('1660', '大余县', '165');
INSERT INTO `shop_city` VALUES ('1661', '上犹县', '165');
INSERT INTO `shop_city` VALUES ('1662', '崇义县', '165');
INSERT INTO `shop_city` VALUES ('1663', '安远县', '165');
INSERT INTO `shop_city` VALUES ('1664', '龙南县', '165');
INSERT INTO `shop_city` VALUES ('1665', '定南县', '165');
INSERT INTO `shop_city` VALUES ('1666', '全南县', '165');
INSERT INTO `shop_city` VALUES ('1667', '宁都县', '165');
INSERT INTO `shop_city` VALUES ('1668', '于都县', '165');
INSERT INTO `shop_city` VALUES ('1669', '兴国县', '165');
INSERT INTO `shop_city` VALUES ('1670', '会昌县', '165');
INSERT INTO `shop_city` VALUES ('1671', '寻乌县', '165');
INSERT INTO `shop_city` VALUES ('1672', '石城县', '165');
INSERT INTO `shop_city` VALUES ('1673', '瑞金市', '165');
INSERT INTO `shop_city` VALUES ('1674', '南康市', '165');
INSERT INTO `shop_city` VALUES ('1675', '市辖区', '166');
INSERT INTO `shop_city` VALUES ('1676', '吉州区', '166');
INSERT INTO `shop_city` VALUES ('1677', '青原区', '166');
INSERT INTO `shop_city` VALUES ('1678', '吉安县', '166');
INSERT INTO `shop_city` VALUES ('1679', '吉水县', '166');
INSERT INTO `shop_city` VALUES ('1680', '峡江县', '166');
INSERT INTO `shop_city` VALUES ('1681', '新干县', '166');
INSERT INTO `shop_city` VALUES ('1682', '永丰县', '166');
INSERT INTO `shop_city` VALUES ('1683', '泰和县', '166');
INSERT INTO `shop_city` VALUES ('1684', '遂川县', '166');
INSERT INTO `shop_city` VALUES ('1685', '万安县', '166');
INSERT INTO `shop_city` VALUES ('1686', '安福县', '166');
INSERT INTO `shop_city` VALUES ('1687', '永新县', '166');
INSERT INTO `shop_city` VALUES ('1688', '井冈山市', '166');
INSERT INTO `shop_city` VALUES ('1689', '市辖区', '167');
INSERT INTO `shop_city` VALUES ('1690', '袁州区', '167');
INSERT INTO `shop_city` VALUES ('1691', '奉新县', '167');
INSERT INTO `shop_city` VALUES ('1692', '万载县', '167');
INSERT INTO `shop_city` VALUES ('1693', '上高县', '167');
INSERT INTO `shop_city` VALUES ('1694', '宜丰县', '167');
INSERT INTO `shop_city` VALUES ('1695', '靖安县', '167');
INSERT INTO `shop_city` VALUES ('1696', '铜鼓县', '167');
INSERT INTO `shop_city` VALUES ('1697', '丰城市', '167');
INSERT INTO `shop_city` VALUES ('1698', '樟树市', '167');
INSERT INTO `shop_city` VALUES ('1699', '高安市', '167');
INSERT INTO `shop_city` VALUES ('1700', '市辖区', '168');
INSERT INTO `shop_city` VALUES ('1701', '临川区', '168');
INSERT INTO `shop_city` VALUES ('1702', '南城县', '168');
INSERT INTO `shop_city` VALUES ('1703', '黎川县', '168');
INSERT INTO `shop_city` VALUES ('1704', '南丰县', '168');
INSERT INTO `shop_city` VALUES ('1705', '崇仁县', '168');
INSERT INTO `shop_city` VALUES ('1706', '乐安县', '168');
INSERT INTO `shop_city` VALUES ('1707', '宜黄县', '168');
INSERT INTO `shop_city` VALUES ('1708', '金溪县', '168');
INSERT INTO `shop_city` VALUES ('1709', '资溪县', '168');
INSERT INTO `shop_city` VALUES ('1710', '东乡县', '168');
INSERT INTO `shop_city` VALUES ('1711', '广昌县', '168');
INSERT INTO `shop_city` VALUES ('1712', '市辖区', '169');
INSERT INTO `shop_city` VALUES ('1713', '信州区', '169');
INSERT INTO `shop_city` VALUES ('1714', '上饶县', '169');
INSERT INTO `shop_city` VALUES ('1715', '广丰县', '169');
INSERT INTO `shop_city` VALUES ('1716', '玉山县', '169');
INSERT INTO `shop_city` VALUES ('1717', '铅山县', '169');
INSERT INTO `shop_city` VALUES ('1718', '横峰县', '169');
INSERT INTO `shop_city` VALUES ('1719', '弋阳县', '169');
INSERT INTO `shop_city` VALUES ('1720', '余干县', '169');
INSERT INTO `shop_city` VALUES ('1721', '鄱阳县', '169');
INSERT INTO `shop_city` VALUES ('1722', '万年县', '169');
INSERT INTO `shop_city` VALUES ('1723', '婺源县', '169');
INSERT INTO `shop_city` VALUES ('1724', '德兴市', '169');
INSERT INTO `shop_city` VALUES ('1725', '市辖区', '170');
INSERT INTO `shop_city` VALUES ('1726', '历下区', '170');
INSERT INTO `shop_city` VALUES ('1727', '市中区', '170');
INSERT INTO `shop_city` VALUES ('1728', '槐荫区', '170');
INSERT INTO `shop_city` VALUES ('1729', '天桥区', '170');
INSERT INTO `shop_city` VALUES ('1730', '历城区', '170');
INSERT INTO `shop_city` VALUES ('1731', '长清区', '170');
INSERT INTO `shop_city` VALUES ('1732', '平阴县', '170');
INSERT INTO `shop_city` VALUES ('1733', '济阳县', '170');
INSERT INTO `shop_city` VALUES ('1734', '商河县', '170');
INSERT INTO `shop_city` VALUES ('1735', '章丘市', '170');
INSERT INTO `shop_city` VALUES ('1736', '市辖区', '171');
INSERT INTO `shop_city` VALUES ('1737', '市南区', '171');
INSERT INTO `shop_city` VALUES ('1738', '市北区', '171');
INSERT INTO `shop_city` VALUES ('1739', '四方区', '171');
INSERT INTO `shop_city` VALUES ('1740', '黄岛区', '171');
INSERT INTO `shop_city` VALUES ('1741', '崂山区', '171');
INSERT INTO `shop_city` VALUES ('1742', '李沧区', '171');
INSERT INTO `shop_city` VALUES ('1743', '城阳区', '171');
INSERT INTO `shop_city` VALUES ('1744', '胶州市', '171');
INSERT INTO `shop_city` VALUES ('1745', '即墨市', '171');
INSERT INTO `shop_city` VALUES ('1746', '平度市', '171');
INSERT INTO `shop_city` VALUES ('1747', '胶南市', '171');
INSERT INTO `shop_city` VALUES ('1748', '莱西市', '171');
INSERT INTO `shop_city` VALUES ('1749', '市辖区', '172');
INSERT INTO `shop_city` VALUES ('1750', '淄川区', '172');
INSERT INTO `shop_city` VALUES ('1751', '张店区', '172');
INSERT INTO `shop_city` VALUES ('1752', '博山区', '172');
INSERT INTO `shop_city` VALUES ('1753', '临淄区', '172');
INSERT INTO `shop_city` VALUES ('1754', '周村区', '172');
INSERT INTO `shop_city` VALUES ('1755', '桓台县', '172');
INSERT INTO `shop_city` VALUES ('1756', '高青县', '172');
INSERT INTO `shop_city` VALUES ('1757', '沂源县', '172');
INSERT INTO `shop_city` VALUES ('1758', '市辖区', '173');
INSERT INTO `shop_city` VALUES ('1759', '市中区', '173');
INSERT INTO `shop_city` VALUES ('1760', '薛城区', '173');
INSERT INTO `shop_city` VALUES ('1761', '峄城区', '173');
INSERT INTO `shop_city` VALUES ('1762', '台儿庄区', '173');
INSERT INTO `shop_city` VALUES ('1763', '山亭区', '173');
INSERT INTO `shop_city` VALUES ('1764', '滕州市', '173');
INSERT INTO `shop_city` VALUES ('1765', '市辖区', '174');
INSERT INTO `shop_city` VALUES ('1766', '东营区', '174');
INSERT INTO `shop_city` VALUES ('1767', '河口区', '174');
INSERT INTO `shop_city` VALUES ('1768', '垦利县', '174');
INSERT INTO `shop_city` VALUES ('1769', '利津县', '174');
INSERT INTO `shop_city` VALUES ('1770', '广饶县', '174');
INSERT INTO `shop_city` VALUES ('1771', '市辖区', '175');
INSERT INTO `shop_city` VALUES ('1772', '芝罘区', '175');
INSERT INTO `shop_city` VALUES ('1773', '福山区', '175');
INSERT INTO `shop_city` VALUES ('1774', '牟平区', '175');
INSERT INTO `shop_city` VALUES ('1775', '莱山区', '175');
INSERT INTO `shop_city` VALUES ('1776', '长岛县', '175');
INSERT INTO `shop_city` VALUES ('1777', '龙口市', '175');
INSERT INTO `shop_city` VALUES ('1778', '莱阳市', '175');
INSERT INTO `shop_city` VALUES ('1779', '莱州市', '175');
INSERT INTO `shop_city` VALUES ('1780', '蓬莱市', '175');
INSERT INTO `shop_city` VALUES ('1781', '招远市', '175');
INSERT INTO `shop_city` VALUES ('1782', '栖霞市', '175');
INSERT INTO `shop_city` VALUES ('1783', '海阳市', '175');
INSERT INTO `shop_city` VALUES ('1784', '市辖区', '176');
INSERT INTO `shop_city` VALUES ('1785', '潍城区', '176');
INSERT INTO `shop_city` VALUES ('1786', '寒亭区', '176');
INSERT INTO `shop_city` VALUES ('1787', '坊子区', '176');
INSERT INTO `shop_city` VALUES ('1788', '奎文区', '176');
INSERT INTO `shop_city` VALUES ('1789', '临朐县', '176');
INSERT INTO `shop_city` VALUES ('1790', '昌乐县', '176');
INSERT INTO `shop_city` VALUES ('1791', '青州市', '176');
INSERT INTO `shop_city` VALUES ('1792', '诸城市', '176');
INSERT INTO `shop_city` VALUES ('1793', '寿光市', '176');
INSERT INTO `shop_city` VALUES ('1794', '安丘市', '176');
INSERT INTO `shop_city` VALUES ('1795', '高密市', '176');
INSERT INTO `shop_city` VALUES ('1796', '昌邑市', '176');
INSERT INTO `shop_city` VALUES ('1797', '市辖区', '177');
INSERT INTO `shop_city` VALUES ('1798', '市中区', '177');
INSERT INTO `shop_city` VALUES ('1799', '任城区', '177');
INSERT INTO `shop_city` VALUES ('1800', '微山县', '177');
INSERT INTO `shop_city` VALUES ('1801', '鱼台县', '177');
INSERT INTO `shop_city` VALUES ('1802', '金乡县', '177');
INSERT INTO `shop_city` VALUES ('1803', '嘉祥县', '177');
INSERT INTO `shop_city` VALUES ('1804', '汶上县', '177');
INSERT INTO `shop_city` VALUES ('1805', '泗水县', '177');
INSERT INTO `shop_city` VALUES ('1806', '梁山县', '177');
INSERT INTO `shop_city` VALUES ('1807', '曲阜市', '177');
INSERT INTO `shop_city` VALUES ('1808', '兖州市', '177');
INSERT INTO `shop_city` VALUES ('1809', '邹城市', '177');
INSERT INTO `shop_city` VALUES ('1810', '市辖区', '178');
INSERT INTO `shop_city` VALUES ('1811', '泰山区', '178');
INSERT INTO `shop_city` VALUES ('1812', '岱岳区', '178');
INSERT INTO `shop_city` VALUES ('1813', '宁阳县', '178');
INSERT INTO `shop_city` VALUES ('1814', '东平县', '178');
INSERT INTO `shop_city` VALUES ('1815', '新泰市', '178');
INSERT INTO `shop_city` VALUES ('1816', '肥城市', '178');
INSERT INTO `shop_city` VALUES ('1817', '市辖区', '179');
INSERT INTO `shop_city` VALUES ('1818', '环翠区', '179');
INSERT INTO `shop_city` VALUES ('1819', '文登市', '179');
INSERT INTO `shop_city` VALUES ('1820', '荣成市', '179');
INSERT INTO `shop_city` VALUES ('1821', '乳山市', '179');
INSERT INTO `shop_city` VALUES ('1822', '市辖区', '180');
INSERT INTO `shop_city` VALUES ('1823', '东港区', '180');
INSERT INTO `shop_city` VALUES ('1824', '岚山区', '180');
INSERT INTO `shop_city` VALUES ('1825', '五莲县', '180');
INSERT INTO `shop_city` VALUES ('1826', '莒县', '180');
INSERT INTO `shop_city` VALUES ('1827', '市辖区', '181');
INSERT INTO `shop_city` VALUES ('1828', '莱城区', '181');
INSERT INTO `shop_city` VALUES ('1829', '钢城区', '181');
INSERT INTO `shop_city` VALUES ('1830', '市辖区', '182');
INSERT INTO `shop_city` VALUES ('1831', '兰山区', '182');
INSERT INTO `shop_city` VALUES ('1832', '罗庄区', '182');
INSERT INTO `shop_city` VALUES ('1833', '河东区', '182');
INSERT INTO `shop_city` VALUES ('1834', '沂南县', '182');
INSERT INTO `shop_city` VALUES ('1835', '郯城县', '182');
INSERT INTO `shop_city` VALUES ('1836', '沂水县', '182');
INSERT INTO `shop_city` VALUES ('1837', '苍山县', '182');
INSERT INTO `shop_city` VALUES ('1838', '费县', '182');
INSERT INTO `shop_city` VALUES ('1839', '平邑县', '182');
INSERT INTO `shop_city` VALUES ('1840', '莒南县', '182');
INSERT INTO `shop_city` VALUES ('1841', '蒙阴县', '182');
INSERT INTO `shop_city` VALUES ('1842', '临沭县', '182');
INSERT INTO `shop_city` VALUES ('1843', '市辖区', '183');
INSERT INTO `shop_city` VALUES ('1844', '德城区', '183');
INSERT INTO `shop_city` VALUES ('1845', '陵县', '183');
INSERT INTO `shop_city` VALUES ('1846', '宁津县', '183');
INSERT INTO `shop_city` VALUES ('1847', '庆云县', '183');
INSERT INTO `shop_city` VALUES ('1848', '临邑县', '183');
INSERT INTO `shop_city` VALUES ('1849', '齐河县', '183');
INSERT INTO `shop_city` VALUES ('1850', '平原县', '183');
INSERT INTO `shop_city` VALUES ('1851', '夏津县', '183');
INSERT INTO `shop_city` VALUES ('1852', '武城县', '183');
INSERT INTO `shop_city` VALUES ('1853', '乐陵市', '183');
INSERT INTO `shop_city` VALUES ('1854', '禹城市', '183');
INSERT INTO `shop_city` VALUES ('1855', '市辖区', '184');
INSERT INTO `shop_city` VALUES ('1856', '东昌府区', '184');
INSERT INTO `shop_city` VALUES ('1857', '阳谷县', '184');
INSERT INTO `shop_city` VALUES ('1858', '莘县', '184');
INSERT INTO `shop_city` VALUES ('1859', '茌平县', '184');
INSERT INTO `shop_city` VALUES ('1860', '东阿县', '184');
INSERT INTO `shop_city` VALUES ('1861', '冠县', '184');
INSERT INTO `shop_city` VALUES ('1862', '高唐县', '184');
INSERT INTO `shop_city` VALUES ('1863', '临清市', '184');
INSERT INTO `shop_city` VALUES ('1864', '市辖区', '185');
INSERT INTO `shop_city` VALUES ('1865', '滨城区', '185');
INSERT INTO `shop_city` VALUES ('1866', '惠民县', '185');
INSERT INTO `shop_city` VALUES ('1867', '阳信县', '185');
INSERT INTO `shop_city` VALUES ('1868', '无棣县', '185');
INSERT INTO `shop_city` VALUES ('1869', '沾化县', '185');
INSERT INTO `shop_city` VALUES ('1870', '博兴县', '185');
INSERT INTO `shop_city` VALUES ('1871', '邹平县', '185');
INSERT INTO `shop_city` VALUES ('1873', '牡丹区', '186');
INSERT INTO `shop_city` VALUES ('1874', '曹县', '186');
INSERT INTO `shop_city` VALUES ('1875', '单县', '186');
INSERT INTO `shop_city` VALUES ('1876', '成武县', '186');
INSERT INTO `shop_city` VALUES ('1877', '巨野县', '186');
INSERT INTO `shop_city` VALUES ('1878', '郓城县', '186');
INSERT INTO `shop_city` VALUES ('1879', '鄄城县', '186');
INSERT INTO `shop_city` VALUES ('1880', '定陶县', '186');
INSERT INTO `shop_city` VALUES ('1881', '东明县', '186');
INSERT INTO `shop_city` VALUES ('1882', '市辖区', '187');
INSERT INTO `shop_city` VALUES ('1883', '中原区', '187');
INSERT INTO `shop_city` VALUES ('1884', '二七区', '187');
INSERT INTO `shop_city` VALUES ('1885', '管城回族区', '187');
INSERT INTO `shop_city` VALUES ('1886', '金水区', '187');
INSERT INTO `shop_city` VALUES ('1887', '上街区', '187');
INSERT INTO `shop_city` VALUES ('1888', '惠济区', '187');
INSERT INTO `shop_city` VALUES ('1889', '中牟县', '187');
INSERT INTO `shop_city` VALUES ('1890', '巩义市', '187');
INSERT INTO `shop_city` VALUES ('1891', '荥阳市', '187');
INSERT INTO `shop_city` VALUES ('1892', '新密市', '187');
INSERT INTO `shop_city` VALUES ('1893', '新郑市', '187');
INSERT INTO `shop_city` VALUES ('1894', '登封市', '187');
INSERT INTO `shop_city` VALUES ('1895', '市辖区', '188');
INSERT INTO `shop_city` VALUES ('1896', '龙亭区', '188');
INSERT INTO `shop_city` VALUES ('1897', '顺河回族区', '188');
INSERT INTO `shop_city` VALUES ('1898', '鼓楼区', '188');
INSERT INTO `shop_city` VALUES ('1899', '禹王台区', '188');
INSERT INTO `shop_city` VALUES ('1900', '金明区', '188');
INSERT INTO `shop_city` VALUES ('1901', '杞县', '188');
INSERT INTO `shop_city` VALUES ('1902', '通许县', '188');
INSERT INTO `shop_city` VALUES ('1903', '尉氏县', '188');
INSERT INTO `shop_city` VALUES ('1904', '开封县', '188');
INSERT INTO `shop_city` VALUES ('1905', '兰考县', '188');
INSERT INTO `shop_city` VALUES ('1906', '市辖区', '189');
INSERT INTO `shop_city` VALUES ('1907', '老城区', '189');
INSERT INTO `shop_city` VALUES ('1908', '西工区', '189');
INSERT INTO `shop_city` VALUES ('1909', '瀍河回族区', '189');
INSERT INTO `shop_city` VALUES ('1910', '涧西区', '189');
INSERT INTO `shop_city` VALUES ('1911', '吉利区', '189');
INSERT INTO `shop_city` VALUES ('1912', '洛龙区', '189');
INSERT INTO `shop_city` VALUES ('1913', '孟津县', '189');
INSERT INTO `shop_city` VALUES ('1914', '新安县', '189');
INSERT INTO `shop_city` VALUES ('1915', '栾川县', '189');
INSERT INTO `shop_city` VALUES ('1916', '嵩县', '189');
INSERT INTO `shop_city` VALUES ('1917', '汝阳县', '189');
INSERT INTO `shop_city` VALUES ('1918', '宜阳县', '189');
INSERT INTO `shop_city` VALUES ('1919', '洛宁县', '189');
INSERT INTO `shop_city` VALUES ('1920', '伊川县', '189');
INSERT INTO `shop_city` VALUES ('1921', '偃师市', '189');
INSERT INTO `shop_city` VALUES ('1922', '市辖区', '190');
INSERT INTO `shop_city` VALUES ('1923', '新华区', '190');
INSERT INTO `shop_city` VALUES ('1924', '卫东区', '190');
INSERT INTO `shop_city` VALUES ('1925', '石龙区', '190');
INSERT INTO `shop_city` VALUES ('1926', '湛河区', '190');
INSERT INTO `shop_city` VALUES ('1927', '宝丰县', '190');
INSERT INTO `shop_city` VALUES ('1928', '叶县', '190');
INSERT INTO `shop_city` VALUES ('1929', '鲁山县', '190');
INSERT INTO `shop_city` VALUES ('1930', '郏县', '190');
INSERT INTO `shop_city` VALUES ('1931', '舞钢市', '190');
INSERT INTO `shop_city` VALUES ('1932', '汝州市', '190');
INSERT INTO `shop_city` VALUES ('1933', '市辖区', '191');
INSERT INTO `shop_city` VALUES ('1934', '文峰区', '191');
INSERT INTO `shop_city` VALUES ('1935', '北关区', '191');
INSERT INTO `shop_city` VALUES ('1936', '殷都区', '191');
INSERT INTO `shop_city` VALUES ('1937', '龙安区', '191');
INSERT INTO `shop_city` VALUES ('1938', '安阳县', '191');
INSERT INTO `shop_city` VALUES ('1939', '汤阴县', '191');
INSERT INTO `shop_city` VALUES ('1940', '滑县', '191');
INSERT INTO `shop_city` VALUES ('1941', '内黄县', '191');
INSERT INTO `shop_city` VALUES ('1942', '林州市', '191');
INSERT INTO `shop_city` VALUES ('1943', '市辖区', '192');
INSERT INTO `shop_city` VALUES ('1944', '鹤山区', '192');
INSERT INTO `shop_city` VALUES ('1945', '山城区', '192');
INSERT INTO `shop_city` VALUES ('1946', '淇滨区', '192');
INSERT INTO `shop_city` VALUES ('1947', '浚县', '192');
INSERT INTO `shop_city` VALUES ('1948', '淇县', '192');
INSERT INTO `shop_city` VALUES ('1949', '市辖区', '193');
INSERT INTO `shop_city` VALUES ('1950', '红旗区', '193');
INSERT INTO `shop_city` VALUES ('1951', '卫滨区', '193');
INSERT INTO `shop_city` VALUES ('1952', '凤泉区', '193');
INSERT INTO `shop_city` VALUES ('1953', '牧野区', '193');
INSERT INTO `shop_city` VALUES ('1954', '新乡县', '193');
INSERT INTO `shop_city` VALUES ('1955', '获嘉县', '193');
INSERT INTO `shop_city` VALUES ('1956', '原阳县', '193');
INSERT INTO `shop_city` VALUES ('1957', '延津县', '193');
INSERT INTO `shop_city` VALUES ('1958', '封丘县', '193');
INSERT INTO `shop_city` VALUES ('1959', '长垣县', '193');
INSERT INTO `shop_city` VALUES ('1960', '卫辉市', '193');
INSERT INTO `shop_city` VALUES ('1961', '辉县市', '193');
INSERT INTO `shop_city` VALUES ('1962', '市辖区', '194');
INSERT INTO `shop_city` VALUES ('1963', '解放区', '194');
INSERT INTO `shop_city` VALUES ('1964', '中站区', '194');
INSERT INTO `shop_city` VALUES ('1965', '马村区', '194');
INSERT INTO `shop_city` VALUES ('1966', '山阳区', '194');
INSERT INTO `shop_city` VALUES ('1967', '修武县', '194');
INSERT INTO `shop_city` VALUES ('1968', '博爱县', '194');
INSERT INTO `shop_city` VALUES ('1969', '武陟县', '194');
INSERT INTO `shop_city` VALUES ('1970', '温县', '194');
INSERT INTO `shop_city` VALUES ('1971', '济源市', '194');
INSERT INTO `shop_city` VALUES ('1972', '沁阳市', '194');
INSERT INTO `shop_city` VALUES ('1973', '孟州市', '194');
INSERT INTO `shop_city` VALUES ('1974', '市辖区', '195');
INSERT INTO `shop_city` VALUES ('1975', '华龙区', '195');
INSERT INTO `shop_city` VALUES ('1976', '清丰县', '195');
INSERT INTO `shop_city` VALUES ('1977', '南乐县', '195');
INSERT INTO `shop_city` VALUES ('1978', '范县', '195');
INSERT INTO `shop_city` VALUES ('1979', '台前县', '195');
INSERT INTO `shop_city` VALUES ('1980', '濮阳县', '195');
INSERT INTO `shop_city` VALUES ('1981', '市辖区', '196');
INSERT INTO `shop_city` VALUES ('1982', '魏都区', '196');
INSERT INTO `shop_city` VALUES ('1983', '许昌县', '196');
INSERT INTO `shop_city` VALUES ('1984', '鄢陵县', '196');
INSERT INTO `shop_city` VALUES ('1985', '襄城县', '196');
INSERT INTO `shop_city` VALUES ('1986', '禹州市', '196');
INSERT INTO `shop_city` VALUES ('1987', '长葛市', '196');
INSERT INTO `shop_city` VALUES ('1988', '市辖区', '197');
INSERT INTO `shop_city` VALUES ('1989', '源汇区', '197');
INSERT INTO `shop_city` VALUES ('1990', '郾城区', '197');
INSERT INTO `shop_city` VALUES ('1991', '召陵区', '197');
INSERT INTO `shop_city` VALUES ('1992', '舞阳县', '197');
INSERT INTO `shop_city` VALUES ('1993', '临颍县', '197');
INSERT INTO `shop_city` VALUES ('1994', '市辖区', '198');
INSERT INTO `shop_city` VALUES ('1995', '湖滨区', '198');
INSERT INTO `shop_city` VALUES ('1996', '渑池县', '198');
INSERT INTO `shop_city` VALUES ('1997', '陕县', '198');
INSERT INTO `shop_city` VALUES ('1998', '卢氏县', '198');
INSERT INTO `shop_city` VALUES ('1999', '义马市', '198');
INSERT INTO `shop_city` VALUES ('2000', '灵宝市', '198');
INSERT INTO `shop_city` VALUES ('2001', '市辖区', '199');
INSERT INTO `shop_city` VALUES ('2002', '宛城区', '199');
INSERT INTO `shop_city` VALUES ('2003', '卧龙区', '199');
INSERT INTO `shop_city` VALUES ('2004', '南召县', '199');
INSERT INTO `shop_city` VALUES ('2005', '方城县', '199');
INSERT INTO `shop_city` VALUES ('2006', '西峡县', '199');
INSERT INTO `shop_city` VALUES ('2007', '镇平县', '199');
INSERT INTO `shop_city` VALUES ('2008', '内乡县', '199');
INSERT INTO `shop_city` VALUES ('2009', '淅川县', '199');
INSERT INTO `shop_city` VALUES ('2010', '社旗县', '199');
INSERT INTO `shop_city` VALUES ('2011', '唐河县', '199');
INSERT INTO `shop_city` VALUES ('2012', '新野县', '199');
INSERT INTO `shop_city` VALUES ('2013', '桐柏县', '199');
INSERT INTO `shop_city` VALUES ('2014', '邓州市', '199');
INSERT INTO `shop_city` VALUES ('2015', '市辖区', '200');
INSERT INTO `shop_city` VALUES ('2016', '梁园区', '200');
INSERT INTO `shop_city` VALUES ('2017', '睢阳区', '200');
INSERT INTO `shop_city` VALUES ('2018', '民权县', '200');
INSERT INTO `shop_city` VALUES ('2019', '睢县', '200');
INSERT INTO `shop_city` VALUES ('2020', '宁陵县', '200');
INSERT INTO `shop_city` VALUES ('2021', '柘城县', '200');
INSERT INTO `shop_city` VALUES ('2022', '虞城县', '200');
INSERT INTO `shop_city` VALUES ('2023', '夏邑县', '200');
INSERT INTO `shop_city` VALUES ('2024', '永城市', '200');
INSERT INTO `shop_city` VALUES ('2025', '市辖区', '201');
INSERT INTO `shop_city` VALUES ('2026', '浉河区', '201');
INSERT INTO `shop_city` VALUES ('2027', '平桥区', '201');
INSERT INTO `shop_city` VALUES ('2028', '罗山县', '201');
INSERT INTO `shop_city` VALUES ('2029', '光山县', '201');
INSERT INTO `shop_city` VALUES ('2030', '新县', '201');
INSERT INTO `shop_city` VALUES ('2031', '商城县', '201');
INSERT INTO `shop_city` VALUES ('2032', '固始县', '201');
INSERT INTO `shop_city` VALUES ('2033', '潢川县', '201');
INSERT INTO `shop_city` VALUES ('2034', '淮滨县', '201');
INSERT INTO `shop_city` VALUES ('2035', '息县', '201');
INSERT INTO `shop_city` VALUES ('2036', '市辖区', '202');
INSERT INTO `shop_city` VALUES ('2037', '川汇区', '202');
INSERT INTO `shop_city` VALUES ('2038', '扶沟县', '202');
INSERT INTO `shop_city` VALUES ('2039', '西华县', '202');
INSERT INTO `shop_city` VALUES ('2040', '商水县', '202');
INSERT INTO `shop_city` VALUES ('2041', '沈丘县', '202');
INSERT INTO `shop_city` VALUES ('2042', '郸城县', '202');
INSERT INTO `shop_city` VALUES ('2043', '淮阳县', '202');
INSERT INTO `shop_city` VALUES ('2044', '太康县', '202');
INSERT INTO `shop_city` VALUES ('2045', '鹿邑县', '202');
INSERT INTO `shop_city` VALUES ('2046', '项城市', '202');
INSERT INTO `shop_city` VALUES ('2047', '市辖区', '203');
INSERT INTO `shop_city` VALUES ('2048', '驿城区', '203');
INSERT INTO `shop_city` VALUES ('2049', '西平县', '203');
INSERT INTO `shop_city` VALUES ('2050', '上蔡县', '203');
INSERT INTO `shop_city` VALUES ('2051', '平舆县', '203');
INSERT INTO `shop_city` VALUES ('2052', '正阳县', '203');
INSERT INTO `shop_city` VALUES ('2053', '确山县', '203');
INSERT INTO `shop_city` VALUES ('2054', '泌阳县', '203');
INSERT INTO `shop_city` VALUES ('2055', '汝南县', '203');
INSERT INTO `shop_city` VALUES ('2056', '遂平县', '203');
INSERT INTO `shop_city` VALUES ('2057', '新蔡县', '203');
INSERT INTO `shop_city` VALUES ('2058', '市辖区', '204');
INSERT INTO `shop_city` VALUES ('2059', '江岸区', '204');
INSERT INTO `shop_city` VALUES ('2060', '江汉区', '204');
INSERT INTO `shop_city` VALUES ('2061', '硚口区', '204');
INSERT INTO `shop_city` VALUES ('2062', '汉阳区', '204');
INSERT INTO `shop_city` VALUES ('2063', '武昌区', '204');
INSERT INTO `shop_city` VALUES ('2064', '青山区', '204');
INSERT INTO `shop_city` VALUES ('2065', '洪山区', '204');
INSERT INTO `shop_city` VALUES ('2066', '东西湖区', '204');
INSERT INTO `shop_city` VALUES ('2067', '汉南区', '204');
INSERT INTO `shop_city` VALUES ('2068', '蔡甸区', '204');
INSERT INTO `shop_city` VALUES ('2069', '江夏区', '204');
INSERT INTO `shop_city` VALUES ('2070', '黄陂区', '204');
INSERT INTO `shop_city` VALUES ('2071', '新洲区', '204');
INSERT INTO `shop_city` VALUES ('2072', '市辖区', '205');
INSERT INTO `shop_city` VALUES ('2073', '黄石港区', '205');
INSERT INTO `shop_city` VALUES ('2074', '西塞山区', '205');
INSERT INTO `shop_city` VALUES ('2075', '下陆区', '205');
INSERT INTO `shop_city` VALUES ('2076', '铁山区', '205');
INSERT INTO `shop_city` VALUES ('2077', '阳新县', '205');
INSERT INTO `shop_city` VALUES ('2078', '大冶市', '205');
INSERT INTO `shop_city` VALUES ('2079', '市辖区', '206');
INSERT INTO `shop_city` VALUES ('2080', '茅箭区', '206');
INSERT INTO `shop_city` VALUES ('2081', '张湾区', '206');
INSERT INTO `shop_city` VALUES ('2082', '郧县', '206');
INSERT INTO `shop_city` VALUES ('2083', '郧西县', '206');
INSERT INTO `shop_city` VALUES ('2084', '竹山县', '206');
INSERT INTO `shop_city` VALUES ('2085', '竹溪县', '206');
INSERT INTO `shop_city` VALUES ('2086', '房县', '206');
INSERT INTO `shop_city` VALUES ('2087', '丹江口市', '206');
INSERT INTO `shop_city` VALUES ('2088', '市辖区', '207');
INSERT INTO `shop_city` VALUES ('2089', '西陵区', '207');
INSERT INTO `shop_city` VALUES ('2090', '伍家岗区', '207');
INSERT INTO `shop_city` VALUES ('2091', '点军区', '207');
INSERT INTO `shop_city` VALUES ('2092', '猇亭区', '207');
INSERT INTO `shop_city` VALUES ('2093', '夷陵区', '207');
INSERT INTO `shop_city` VALUES ('2094', '远安县', '207');
INSERT INTO `shop_city` VALUES ('2095', '兴山县', '207');
INSERT INTO `shop_city` VALUES ('2096', '秭归县', '207');
INSERT INTO `shop_city` VALUES ('2097', '长阳土家族自治县', '207');
INSERT INTO `shop_city` VALUES ('2098', '五峰土家族自治县', '207');
INSERT INTO `shop_city` VALUES ('2099', '宜都市', '207');
INSERT INTO `shop_city` VALUES ('2100', '当阳市', '207');
INSERT INTO `shop_city` VALUES ('2101', '枝江市', '207');
INSERT INTO `shop_city` VALUES ('2102', '市辖区', '208');
INSERT INTO `shop_city` VALUES ('2103', '襄城区', '208');
INSERT INTO `shop_city` VALUES ('2104', '樊城区', '208');
INSERT INTO `shop_city` VALUES ('2105', '襄阳区', '208');
INSERT INTO `shop_city` VALUES ('2106', '南漳县', '208');
INSERT INTO `shop_city` VALUES ('2107', '谷城县', '208');
INSERT INTO `shop_city` VALUES ('2108', '保康县', '208');
INSERT INTO `shop_city` VALUES ('2109', '老河口市', '208');
INSERT INTO `shop_city` VALUES ('2110', '枣阳市', '208');
INSERT INTO `shop_city` VALUES ('2111', '宜城市', '208');
INSERT INTO `shop_city` VALUES ('2112', '市辖区', '209');
INSERT INTO `shop_city` VALUES ('2113', '梁子湖区', '209');
INSERT INTO `shop_city` VALUES ('2114', '华容区', '209');
INSERT INTO `shop_city` VALUES ('2115', '鄂城区', '209');
INSERT INTO `shop_city` VALUES ('2116', '市辖区', '210');
INSERT INTO `shop_city` VALUES ('2117', '东宝区', '210');
INSERT INTO `shop_city` VALUES ('2118', '掇刀区', '210');
INSERT INTO `shop_city` VALUES ('2119', '京山县', '210');
INSERT INTO `shop_city` VALUES ('2120', '沙洋县', '210');
INSERT INTO `shop_city` VALUES ('2121', '钟祥市', '210');
INSERT INTO `shop_city` VALUES ('2122', '市辖区', '211');
INSERT INTO `shop_city` VALUES ('2123', '孝南区', '211');
INSERT INTO `shop_city` VALUES ('2124', '孝昌县', '211');
INSERT INTO `shop_city` VALUES ('2125', '大悟县', '211');
INSERT INTO `shop_city` VALUES ('2126', '云梦县', '211');
INSERT INTO `shop_city` VALUES ('2127', '应城市', '211');
INSERT INTO `shop_city` VALUES ('2128', '安陆市', '211');
INSERT INTO `shop_city` VALUES ('2129', '汉川市', '211');
INSERT INTO `shop_city` VALUES ('2130', '市辖区', '212');
INSERT INTO `shop_city` VALUES ('2131', '沙市区', '212');
INSERT INTO `shop_city` VALUES ('2132', '荆州区', '212');
INSERT INTO `shop_city` VALUES ('2133', '公安县', '212');
INSERT INTO `shop_city` VALUES ('2134', '监利县', '212');
INSERT INTO `shop_city` VALUES ('2135', '江陵县', '212');
INSERT INTO `shop_city` VALUES ('2136', '石首市', '212');
INSERT INTO `shop_city` VALUES ('2137', '洪湖市', '212');
INSERT INTO `shop_city` VALUES ('2138', '松滋市', '212');
INSERT INTO `shop_city` VALUES ('2139', '市辖区', '213');
INSERT INTO `shop_city` VALUES ('2140', '黄州区', '213');
INSERT INTO `shop_city` VALUES ('2141', '团风县', '213');
INSERT INTO `shop_city` VALUES ('2142', '红安县', '213');
INSERT INTO `shop_city` VALUES ('2143', '罗田县', '213');
INSERT INTO `shop_city` VALUES ('2144', '英山县', '213');
INSERT INTO `shop_city` VALUES ('2145', '浠水县', '213');
INSERT INTO `shop_city` VALUES ('2146', '蕲春县', '213');
INSERT INTO `shop_city` VALUES ('2147', '黄梅县', '213');
INSERT INTO `shop_city` VALUES ('2148', '麻城市', '213');
INSERT INTO `shop_city` VALUES ('2149', '武穴市', '213');
INSERT INTO `shop_city` VALUES ('2150', '市辖区', '214');
INSERT INTO `shop_city` VALUES ('2151', '咸安区', '214');
INSERT INTO `shop_city` VALUES ('2152', '嘉鱼县', '214');
INSERT INTO `shop_city` VALUES ('2153', '通城县', '214');
INSERT INTO `shop_city` VALUES ('2154', '崇阳县', '214');
INSERT INTO `shop_city` VALUES ('2155', '通山县', '214');
INSERT INTO `shop_city` VALUES ('2156', '赤壁市', '214');
INSERT INTO `shop_city` VALUES ('2157', '市辖区', '215');
INSERT INTO `shop_city` VALUES ('2158', '曾都区', '215');
INSERT INTO `shop_city` VALUES ('2159', '广水市', '215');
INSERT INTO `shop_city` VALUES ('2160', '恩施市', '216');
INSERT INTO `shop_city` VALUES ('2161', '利川市', '216');
INSERT INTO `shop_city` VALUES ('2162', '建始县', '216');
INSERT INTO `shop_city` VALUES ('2163', '巴东县', '216');
INSERT INTO `shop_city` VALUES ('2164', '宣恩县', '216');
INSERT INTO `shop_city` VALUES ('2165', '咸丰县', '216');
INSERT INTO `shop_city` VALUES ('2166', '来凤县', '216');
INSERT INTO `shop_city` VALUES ('2167', '鹤峰县', '216');
INSERT INTO `shop_city` VALUES ('2168', '仙桃市', '217');
INSERT INTO `shop_city` VALUES ('2169', '潜江市', '217');
INSERT INTO `shop_city` VALUES ('2170', '天门市', '217');
INSERT INTO `shop_city` VALUES ('2171', '神农架林区', '217');
INSERT INTO `shop_city` VALUES ('2172', '市辖区', '218');
INSERT INTO `shop_city` VALUES ('2173', '芙蓉区', '218');
INSERT INTO `shop_city` VALUES ('2174', '天心区', '218');
INSERT INTO `shop_city` VALUES ('2175', '岳麓区', '218');
INSERT INTO `shop_city` VALUES ('2176', '开福区', '218');
INSERT INTO `shop_city` VALUES ('2177', '雨花区', '218');
INSERT INTO `shop_city` VALUES ('2178', '长沙县', '218');
INSERT INTO `shop_city` VALUES ('2179', '望城县', '218');
INSERT INTO `shop_city` VALUES ('2180', '宁乡县', '218');
INSERT INTO `shop_city` VALUES ('2181', '浏阳市', '218');
INSERT INTO `shop_city` VALUES ('2182', '市辖区', '219');
INSERT INTO `shop_city` VALUES ('2183', '荷塘区', '219');
INSERT INTO `shop_city` VALUES ('2184', '芦淞区', '219');
INSERT INTO `shop_city` VALUES ('2185', '石峰区', '219');
INSERT INTO `shop_city` VALUES ('2186', '天元区', '219');
INSERT INTO `shop_city` VALUES ('2187', '株洲县', '219');
INSERT INTO `shop_city` VALUES ('2188', '攸县', '219');
INSERT INTO `shop_city` VALUES ('2189', '茶陵县', '219');
INSERT INTO `shop_city` VALUES ('2190', '炎陵县', '219');
INSERT INTO `shop_city` VALUES ('2191', '醴陵市', '219');
INSERT INTO `shop_city` VALUES ('2192', '市辖区', '220');
INSERT INTO `shop_city` VALUES ('2193', '雨湖区', '220');
INSERT INTO `shop_city` VALUES ('2194', '岳塘区', '220');
INSERT INTO `shop_city` VALUES ('2195', '湘潭县', '220');
INSERT INTO `shop_city` VALUES ('2196', '湘乡市', '220');
INSERT INTO `shop_city` VALUES ('2197', '韶山市', '220');
INSERT INTO `shop_city` VALUES ('2198', '市辖区', '221');
INSERT INTO `shop_city` VALUES ('2199', '珠晖区', '221');
INSERT INTO `shop_city` VALUES ('2200', '雁峰区', '221');
INSERT INTO `shop_city` VALUES ('2201', '石鼓区', '221');
INSERT INTO `shop_city` VALUES ('2202', '蒸湘区', '221');
INSERT INTO `shop_city` VALUES ('2203', '南岳区', '221');
INSERT INTO `shop_city` VALUES ('2204', '衡阳县', '221');
INSERT INTO `shop_city` VALUES ('2205', '衡南县', '221');
INSERT INTO `shop_city` VALUES ('2206', '衡山县', '221');
INSERT INTO `shop_city` VALUES ('2207', '衡东县', '221');
INSERT INTO `shop_city` VALUES ('2208', '祁东县', '221');
INSERT INTO `shop_city` VALUES ('2209', '耒阳市', '221');
INSERT INTO `shop_city` VALUES ('2210', '常宁市', '221');
INSERT INTO `shop_city` VALUES ('2211', '市辖区', '222');
INSERT INTO `shop_city` VALUES ('2212', '双清区', '222');
INSERT INTO `shop_city` VALUES ('2213', '大祥区', '222');
INSERT INTO `shop_city` VALUES ('2214', '北塔区', '222');
INSERT INTO `shop_city` VALUES ('2215', '邵东县', '222');
INSERT INTO `shop_city` VALUES ('2216', '新邵县', '222');
INSERT INTO `shop_city` VALUES ('2217', '邵阳县', '222');
INSERT INTO `shop_city` VALUES ('2218', '隆回县', '222');
INSERT INTO `shop_city` VALUES ('2219', '洞口县', '222');
INSERT INTO `shop_city` VALUES ('2220', '绥宁县', '222');
INSERT INTO `shop_city` VALUES ('2221', '新宁县', '222');
INSERT INTO `shop_city` VALUES ('2222', '城步苗族自治县', '222');
INSERT INTO `shop_city` VALUES ('2223', '武冈市', '222');
INSERT INTO `shop_city` VALUES ('2224', '市辖区', '223');
INSERT INTO `shop_city` VALUES ('2225', '岳阳楼区', '223');
INSERT INTO `shop_city` VALUES ('2226', '云溪区', '223');
INSERT INTO `shop_city` VALUES ('2227', '君山区', '223');
INSERT INTO `shop_city` VALUES ('2228', '岳阳县', '223');
INSERT INTO `shop_city` VALUES ('2229', '华容县', '223');
INSERT INTO `shop_city` VALUES ('2230', '湘阴县', '223');
INSERT INTO `shop_city` VALUES ('2231', '平江县', '223');
INSERT INTO `shop_city` VALUES ('2232', '汨罗市', '223');
INSERT INTO `shop_city` VALUES ('2233', '临湘市', '223');
INSERT INTO `shop_city` VALUES ('2234', '市辖区', '224');
INSERT INTO `shop_city` VALUES ('2235', '武陵区', '224');
INSERT INTO `shop_city` VALUES ('2236', '鼎城区', '224');
INSERT INTO `shop_city` VALUES ('2237', '安乡县', '224');
INSERT INTO `shop_city` VALUES ('2238', '汉寿县', '224');
INSERT INTO `shop_city` VALUES ('2239', '澧县', '224');
INSERT INTO `shop_city` VALUES ('2240', '临澧县', '224');
INSERT INTO `shop_city` VALUES ('2241', '桃源县', '224');
INSERT INTO `shop_city` VALUES ('2242', '石门县', '224');
INSERT INTO `shop_city` VALUES ('2243', '津市市', '224');
INSERT INTO `shop_city` VALUES ('2244', '市辖区', '225');
INSERT INTO `shop_city` VALUES ('2245', '永定区', '225');
INSERT INTO `shop_city` VALUES ('2246', '武陵源区', '225');
INSERT INTO `shop_city` VALUES ('2247', '慈利县', '225');
INSERT INTO `shop_city` VALUES ('2248', '桑植县', '225');
INSERT INTO `shop_city` VALUES ('2249', '市辖区', '226');
INSERT INTO `shop_city` VALUES ('2250', '资阳区', '226');
INSERT INTO `shop_city` VALUES ('2251', '赫山区', '226');
INSERT INTO `shop_city` VALUES ('2252', '南县', '226');
INSERT INTO `shop_city` VALUES ('2253', '桃江县', '226');
INSERT INTO `shop_city` VALUES ('2254', '安化县', '226');
INSERT INTO `shop_city` VALUES ('2255', '沅江市', '226');
INSERT INTO `shop_city` VALUES ('2256', '市辖区', '227');
INSERT INTO `shop_city` VALUES ('2257', '北湖区', '227');
INSERT INTO `shop_city` VALUES ('2258', '苏仙区', '227');
INSERT INTO `shop_city` VALUES ('2259', '桂阳县', '227');
INSERT INTO `shop_city` VALUES ('2260', '宜章县', '227');
INSERT INTO `shop_city` VALUES ('2261', '永兴县', '227');
INSERT INTO `shop_city` VALUES ('2262', '嘉禾县', '227');
INSERT INTO `shop_city` VALUES ('2263', '临武县', '227');
INSERT INTO `shop_city` VALUES ('2264', '汝城县', '227');
INSERT INTO `shop_city` VALUES ('2265', '桂东县', '227');
INSERT INTO `shop_city` VALUES ('2266', '安仁县', '227');
INSERT INTO `shop_city` VALUES ('2267', '资兴市', '227');
INSERT INTO `shop_city` VALUES ('2268', '市辖区', '228');
INSERT INTO `shop_city` VALUES ('2270', '冷水滩区', '228');
INSERT INTO `shop_city` VALUES ('2271', '祁阳县', '228');
INSERT INTO `shop_city` VALUES ('2272', '东安县', '228');
INSERT INTO `shop_city` VALUES ('2273', '双牌县', '228');
INSERT INTO `shop_city` VALUES ('2274', '道县', '228');
INSERT INTO `shop_city` VALUES ('2275', '江永县', '228');
INSERT INTO `shop_city` VALUES ('2276', '宁远县', '228');
INSERT INTO `shop_city` VALUES ('2277', '蓝山县', '228');
INSERT INTO `shop_city` VALUES ('2278', '新田县', '228');
INSERT INTO `shop_city` VALUES ('2279', '江华瑶族自治县', '228');
INSERT INTO `shop_city` VALUES ('2280', '市辖区', '229');
INSERT INTO `shop_city` VALUES ('2281', '鹤城区', '229');
INSERT INTO `shop_city` VALUES ('2282', '中方县', '229');
INSERT INTO `shop_city` VALUES ('2283', '沅陵县', '229');
INSERT INTO `shop_city` VALUES ('2284', '辰溪县', '229');
INSERT INTO `shop_city` VALUES ('2285', '溆浦县', '229');
INSERT INTO `shop_city` VALUES ('2286', '会同县', '229');
INSERT INTO `shop_city` VALUES ('2287', '麻阳苗族自治县', '229');
INSERT INTO `shop_city` VALUES ('2288', '新晃侗族自治县', '229');
INSERT INTO `shop_city` VALUES ('2289', '芷江侗族自治县', '229');
INSERT INTO `shop_city` VALUES ('2290', '靖州苗族侗族自治县', '229');
INSERT INTO `shop_city` VALUES ('2291', '通道侗族自治县', '229');
INSERT INTO `shop_city` VALUES ('2292', '洪江市', '229');
INSERT INTO `shop_city` VALUES ('2293', '市辖区', '230');
INSERT INTO `shop_city` VALUES ('2294', '娄星区', '230');
INSERT INTO `shop_city` VALUES ('2295', '双峰县', '230');
INSERT INTO `shop_city` VALUES ('2296', '新化县', '230');
INSERT INTO `shop_city` VALUES ('2297', '冷水江市', '230');
INSERT INTO `shop_city` VALUES ('2298', '涟源市', '230');
INSERT INTO `shop_city` VALUES ('2299', '吉首市', '231');
INSERT INTO `shop_city` VALUES ('2300', '泸溪县', '231');
INSERT INTO `shop_city` VALUES ('2301', '凤凰县', '231');
INSERT INTO `shop_city` VALUES ('2302', '花垣县', '231');
INSERT INTO `shop_city` VALUES ('2303', '保靖县', '231');
INSERT INTO `shop_city` VALUES ('2304', '古丈县', '231');
INSERT INTO `shop_city` VALUES ('2305', '永顺县', '231');
INSERT INTO `shop_city` VALUES ('2306', '龙山县', '231');
INSERT INTO `shop_city` VALUES ('2307', '市辖区', '232');
INSERT INTO `shop_city` VALUES ('2308', '南沙区', '232');
INSERT INTO `shop_city` VALUES ('2309', '荔湾区', '232');
INSERT INTO `shop_city` VALUES ('2310', '越秀区', '232');
INSERT INTO `shop_city` VALUES ('2311', '海珠区', '232');
INSERT INTO `shop_city` VALUES ('2312', '天河区', '232');
INSERT INTO `shop_city` VALUES ('2313', '萝岗区', '232');
INSERT INTO `shop_city` VALUES ('2314', '白云区', '232');
INSERT INTO `shop_city` VALUES ('2315', '黄埔区', '232');
INSERT INTO `shop_city` VALUES ('2316', '番禺区', '232');
INSERT INTO `shop_city` VALUES ('2317', '花都区', '232');
INSERT INTO `shop_city` VALUES ('2318', '增城市', '232');
INSERT INTO `shop_city` VALUES ('2319', '从化市', '232');
INSERT INTO `shop_city` VALUES ('2320', '市辖区', '233');
INSERT INTO `shop_city` VALUES ('2321', '武江区', '233');
INSERT INTO `shop_city` VALUES ('2322', '浈江区', '233');
INSERT INTO `shop_city` VALUES ('2323', '曲江区', '233');
INSERT INTO `shop_city` VALUES ('2324', '始兴县', '233');
INSERT INTO `shop_city` VALUES ('2325', '仁化县', '233');
INSERT INTO `shop_city` VALUES ('2326', '翁源县', '233');
INSERT INTO `shop_city` VALUES ('2327', '乳源瑶族自治县', '233');
INSERT INTO `shop_city` VALUES ('2328', '新丰县', '233');
INSERT INTO `shop_city` VALUES ('2329', '乐昌市', '233');
INSERT INTO `shop_city` VALUES ('2330', '南雄市', '233');
INSERT INTO `shop_city` VALUES ('2331', '市辖区', '234');
INSERT INTO `shop_city` VALUES ('2332', '罗湖区', '234');
INSERT INTO `shop_city` VALUES ('2333', '福田区', '234');
INSERT INTO `shop_city` VALUES ('2334', '南山区', '234');
INSERT INTO `shop_city` VALUES ('2335', '宝安区', '234');
INSERT INTO `shop_city` VALUES ('2336', '龙岗区', '234');
INSERT INTO `shop_city` VALUES ('2337', '盐田区', '234');
INSERT INTO `shop_city` VALUES ('2338', '市辖区', '235');
INSERT INTO `shop_city` VALUES ('2339', '香洲区', '235');
INSERT INTO `shop_city` VALUES ('2340', '斗门区', '235');
INSERT INTO `shop_city` VALUES ('2341', '金湾区', '235');
INSERT INTO `shop_city` VALUES ('2342', '市辖区', '236');
INSERT INTO `shop_city` VALUES ('2343', '龙湖区', '236');
INSERT INTO `shop_city` VALUES ('2344', '金平区', '236');
INSERT INTO `shop_city` VALUES ('2345', '濠江区', '236');
INSERT INTO `shop_city` VALUES ('2346', '潮阳区', '236');
INSERT INTO `shop_city` VALUES ('2347', '潮南区', '236');
INSERT INTO `shop_city` VALUES ('2348', '澄海区', '236');
INSERT INTO `shop_city` VALUES ('2349', '南澳县', '236');
INSERT INTO `shop_city` VALUES ('2350', '市辖区', '237');
INSERT INTO `shop_city` VALUES ('2351', '禅城区', '237');
INSERT INTO `shop_city` VALUES ('2352', '南海区', '237');
INSERT INTO `shop_city` VALUES ('2353', '顺德区', '237');
INSERT INTO `shop_city` VALUES ('2354', '三水区', '237');
INSERT INTO `shop_city` VALUES ('2355', '高明区', '237');
INSERT INTO `shop_city` VALUES ('2356', '市辖区', '238');
INSERT INTO `shop_city` VALUES ('2357', '蓬江区', '238');
INSERT INTO `shop_city` VALUES ('2358', '江海区', '238');
INSERT INTO `shop_city` VALUES ('2359', '新会区', '238');
INSERT INTO `shop_city` VALUES ('2360', '台山市', '238');
INSERT INTO `shop_city` VALUES ('2361', '开平市', '238');
INSERT INTO `shop_city` VALUES ('2362', '鹤山市', '238');
INSERT INTO `shop_city` VALUES ('2363', '恩平市', '238');
INSERT INTO `shop_city` VALUES ('2364', '市辖区', '239');
INSERT INTO `shop_city` VALUES ('2365', '赤坎区', '239');
INSERT INTO `shop_city` VALUES ('2366', '霞山区', '239');
INSERT INTO `shop_city` VALUES ('2367', '坡头区', '239');
INSERT INTO `shop_city` VALUES ('2368', '麻章区', '239');
INSERT INTO `shop_city` VALUES ('2369', '遂溪县', '239');
INSERT INTO `shop_city` VALUES ('2370', '徐闻县', '239');
INSERT INTO `shop_city` VALUES ('2371', '廉江市', '239');
INSERT INTO `shop_city` VALUES ('2372', '雷州市', '239');
INSERT INTO `shop_city` VALUES ('2373', '吴川市', '239');
INSERT INTO `shop_city` VALUES ('2374', '市辖区', '240');
INSERT INTO `shop_city` VALUES ('2375', '茂南区', '240');
INSERT INTO `shop_city` VALUES ('2376', '茂港区', '240');
INSERT INTO `shop_city` VALUES ('2377', '电白县', '240');
INSERT INTO `shop_city` VALUES ('2378', '高州市', '240');
INSERT INTO `shop_city` VALUES ('2379', '化州市', '240');
INSERT INTO `shop_city` VALUES ('2380', '信宜市', '240');
INSERT INTO `shop_city` VALUES ('2381', '市辖区', '241');
INSERT INTO `shop_city` VALUES ('2382', '端州区', '241');
INSERT INTO `shop_city` VALUES ('2383', '鼎湖区', '241');
INSERT INTO `shop_city` VALUES ('2384', '广宁县', '241');
INSERT INTO `shop_city` VALUES ('2385', '怀集县', '241');
INSERT INTO `shop_city` VALUES ('2386', '封开县', '241');
INSERT INTO `shop_city` VALUES ('2387', '德庆县', '241');
INSERT INTO `shop_city` VALUES ('2388', '高要市', '241');
INSERT INTO `shop_city` VALUES ('2389', '四会市', '241');
INSERT INTO `shop_city` VALUES ('2390', '市辖区', '242');
INSERT INTO `shop_city` VALUES ('2391', '惠城区', '242');
INSERT INTO `shop_city` VALUES ('2392', '惠阳区', '242');
INSERT INTO `shop_city` VALUES ('2393', '博罗县', '242');
INSERT INTO `shop_city` VALUES ('2394', '惠东县', '242');
INSERT INTO `shop_city` VALUES ('2395', '龙门县', '242');
INSERT INTO `shop_city` VALUES ('2396', '市辖区', '243');
INSERT INTO `shop_city` VALUES ('2397', '梅江区', '243');
INSERT INTO `shop_city` VALUES ('2398', '梅县', '243');
INSERT INTO `shop_city` VALUES ('2399', '大埔县', '243');
INSERT INTO `shop_city` VALUES ('2400', '丰顺县', '243');
INSERT INTO `shop_city` VALUES ('2401', '五华县', '243');
INSERT INTO `shop_city` VALUES ('2402', '平远县', '243');
INSERT INTO `shop_city` VALUES ('2403', '蕉岭县', '243');
INSERT INTO `shop_city` VALUES ('2404', '兴宁市', '243');
INSERT INTO `shop_city` VALUES ('2405', '市辖区', '244');
INSERT INTO `shop_city` VALUES ('2406', '城区', '244');
INSERT INTO `shop_city` VALUES ('2407', '海丰县', '244');
INSERT INTO `shop_city` VALUES ('2408', '陆河县', '244');
INSERT INTO `shop_city` VALUES ('2409', '陆丰市', '244');
INSERT INTO `shop_city` VALUES ('2410', '市辖区', '245');
INSERT INTO `shop_city` VALUES ('2411', '源城区', '245');
INSERT INTO `shop_city` VALUES ('2412', '紫金县', '245');
INSERT INTO `shop_city` VALUES ('2413', '龙川县', '245');
INSERT INTO `shop_city` VALUES ('2414', '连平县', '245');
INSERT INTO `shop_city` VALUES ('2415', '和平县', '245');
INSERT INTO `shop_city` VALUES ('2416', '东源县', '245');
INSERT INTO `shop_city` VALUES ('2417', '市辖区', '246');
INSERT INTO `shop_city` VALUES ('2418', '江城区', '246');
INSERT INTO `shop_city` VALUES ('2419', '阳西县', '246');
INSERT INTO `shop_city` VALUES ('2420', '阳东县', '246');
INSERT INTO `shop_city` VALUES ('2421', '阳春市', '246');
INSERT INTO `shop_city` VALUES ('2422', '市辖区', '247');
INSERT INTO `shop_city` VALUES ('2423', '清城区', '247');
INSERT INTO `shop_city` VALUES ('2424', '佛冈县', '247');
INSERT INTO `shop_city` VALUES ('2425', '阳山县', '247');
INSERT INTO `shop_city` VALUES ('2426', '连山壮族瑶族自治县', '247');
INSERT INTO `shop_city` VALUES ('2427', '连南瑶族自治县', '247');
INSERT INTO `shop_city` VALUES ('2428', '清新县', '247');
INSERT INTO `shop_city` VALUES ('2429', '英德市', '247');
INSERT INTO `shop_city` VALUES ('2430', '连州市', '247');
INSERT INTO `shop_city` VALUES ('2431', '市辖区', '250');
INSERT INTO `shop_city` VALUES ('2432', '湘桥区', '250');
INSERT INTO `shop_city` VALUES ('2433', '潮安县', '250');
INSERT INTO `shop_city` VALUES ('2434', '饶平县', '250');
INSERT INTO `shop_city` VALUES ('2435', '市辖区', '251');
INSERT INTO `shop_city` VALUES ('2436', '榕城区', '251');
INSERT INTO `shop_city` VALUES ('2437', '揭东县', '251');
INSERT INTO `shop_city` VALUES ('2438', '揭西县', '251');
INSERT INTO `shop_city` VALUES ('2439', '惠来县', '251');
INSERT INTO `shop_city` VALUES ('2440', '普宁市', '251');
INSERT INTO `shop_city` VALUES ('2441', '市辖区', '252');
INSERT INTO `shop_city` VALUES ('2442', '云城区', '252');
INSERT INTO `shop_city` VALUES ('2443', '新兴县', '252');
INSERT INTO `shop_city` VALUES ('2444', '郁南县', '252');
INSERT INTO `shop_city` VALUES ('2445', '云安县', '252');
INSERT INTO `shop_city` VALUES ('2446', '罗定市', '252');
INSERT INTO `shop_city` VALUES ('2447', '市辖区', '253');
INSERT INTO `shop_city` VALUES ('2448', '兴宁区', '253');
INSERT INTO `shop_city` VALUES ('2449', '青秀区', '253');
INSERT INTO `shop_city` VALUES ('2450', '江南区', '253');
INSERT INTO `shop_city` VALUES ('2451', '西乡塘区', '253');
INSERT INTO `shop_city` VALUES ('2452', '良庆区', '253');
INSERT INTO `shop_city` VALUES ('2453', '邕宁区', '253');
INSERT INTO `shop_city` VALUES ('2454', '武鸣县', '253');
INSERT INTO `shop_city` VALUES ('2455', '隆安县', '253');
INSERT INTO `shop_city` VALUES ('2456', '马山县', '253');
INSERT INTO `shop_city` VALUES ('2457', '上林县', '253');
INSERT INTO `shop_city` VALUES ('2458', '宾阳县', '253');
INSERT INTO `shop_city` VALUES ('2459', '横县', '253');
INSERT INTO `shop_city` VALUES ('2460', '市辖区', '254');
INSERT INTO `shop_city` VALUES ('2461', '城中区', '254');
INSERT INTO `shop_city` VALUES ('2462', '鱼峰区', '254');
INSERT INTO `shop_city` VALUES ('2463', '柳南区', '254');
INSERT INTO `shop_city` VALUES ('2464', '柳北区', '254');
INSERT INTO `shop_city` VALUES ('2465', '柳江县', '254');
INSERT INTO `shop_city` VALUES ('2466', '柳城县', '254');
INSERT INTO `shop_city` VALUES ('2467', '鹿寨县', '254');
INSERT INTO `shop_city` VALUES ('2468', '融安县', '254');
INSERT INTO `shop_city` VALUES ('2469', '融水苗族自治县', '254');
INSERT INTO `shop_city` VALUES ('2470', '三江侗族自治县', '254');
INSERT INTO `shop_city` VALUES ('2471', '市辖区', '255');
INSERT INTO `shop_city` VALUES ('2472', '秀峰区', '255');
INSERT INTO `shop_city` VALUES ('2473', '叠彩区', '255');
INSERT INTO `shop_city` VALUES ('2474', '象山区', '255');
INSERT INTO `shop_city` VALUES ('2475', '七星区', '255');
INSERT INTO `shop_city` VALUES ('2476', '雁山区', '255');
INSERT INTO `shop_city` VALUES ('2477', '阳朔县', '255');
INSERT INTO `shop_city` VALUES ('2478', '临桂县', '255');
INSERT INTO `shop_city` VALUES ('2479', '灵川县', '255');
INSERT INTO `shop_city` VALUES ('2480', '全州县', '255');
INSERT INTO `shop_city` VALUES ('2481', '兴安县', '255');
INSERT INTO `shop_city` VALUES ('2482', '永福县', '255');
INSERT INTO `shop_city` VALUES ('2483', '灌阳县', '255');
INSERT INTO `shop_city` VALUES ('2484', '龙胜各族自治县', '255');
INSERT INTO `shop_city` VALUES ('2485', '资源县', '255');
INSERT INTO `shop_city` VALUES ('2486', '平乐县', '255');
INSERT INTO `shop_city` VALUES ('2487', '荔蒲县', '255');
INSERT INTO `shop_city` VALUES ('2488', '恭城瑶族自治县', '255');
INSERT INTO `shop_city` VALUES ('2489', '市辖区', '256');
INSERT INTO `shop_city` VALUES ('2490', '万秀区', '256');
INSERT INTO `shop_city` VALUES ('2491', '蝶山区', '256');
INSERT INTO `shop_city` VALUES ('2492', '长洲区', '256');
INSERT INTO `shop_city` VALUES ('2493', '苍梧县', '256');
INSERT INTO `shop_city` VALUES ('2494', '藤县', '256');
INSERT INTO `shop_city` VALUES ('2495', '蒙山县', '256');
INSERT INTO `shop_city` VALUES ('2496', '岑溪市', '256');
INSERT INTO `shop_city` VALUES ('2497', '市辖区', '257');
INSERT INTO `shop_city` VALUES ('2498', '海城区', '257');
INSERT INTO `shop_city` VALUES ('2499', '银海区', '257');
INSERT INTO `shop_city` VALUES ('2500', '铁山港区', '257');
INSERT INTO `shop_city` VALUES ('2501', '合浦县', '257');
INSERT INTO `shop_city` VALUES ('2502', '市辖区', '258');
INSERT INTO `shop_city` VALUES ('2503', '港口区', '258');
INSERT INTO `shop_city` VALUES ('2504', '防城区', '258');
INSERT INTO `shop_city` VALUES ('2505', '上思县', '258');
INSERT INTO `shop_city` VALUES ('2506', '东兴市', '258');
INSERT INTO `shop_city` VALUES ('2507', '市辖区', '259');
INSERT INTO `shop_city` VALUES ('2508', '钦南区', '259');
INSERT INTO `shop_city` VALUES ('2509', '钦北区', '259');
INSERT INTO `shop_city` VALUES ('2510', '灵山县', '259');
INSERT INTO `shop_city` VALUES ('2511', '浦北县', '259');
INSERT INTO `shop_city` VALUES ('2512', '市辖区', '260');
INSERT INTO `shop_city` VALUES ('2513', '港北区', '260');
INSERT INTO `shop_city` VALUES ('2514', '港南区', '260');
INSERT INTO `shop_city` VALUES ('2515', '覃塘区', '260');
INSERT INTO `shop_city` VALUES ('2516', '平南县', '260');
INSERT INTO `shop_city` VALUES ('2517', '桂平市', '260');
INSERT INTO `shop_city` VALUES ('2518', '市辖区', '261');
INSERT INTO `shop_city` VALUES ('2519', '玉州区', '261');
INSERT INTO `shop_city` VALUES ('2520', '容县', '261');
INSERT INTO `shop_city` VALUES ('2521', '陆川县', '261');
INSERT INTO `shop_city` VALUES ('2522', '博白县', '261');
INSERT INTO `shop_city` VALUES ('2523', '兴业县', '261');
INSERT INTO `shop_city` VALUES ('2524', '北流市', '261');
INSERT INTO `shop_city` VALUES ('2525', '市辖区', '262');
INSERT INTO `shop_city` VALUES ('2526', '右江区', '262');
INSERT INTO `shop_city` VALUES ('2527', '田阳县', '262');
INSERT INTO `shop_city` VALUES ('2528', '田东县', '262');
INSERT INTO `shop_city` VALUES ('2529', '平果县', '262');
INSERT INTO `shop_city` VALUES ('2530', '德保县', '262');
INSERT INTO `shop_city` VALUES ('2531', '靖西县', '262');
INSERT INTO `shop_city` VALUES ('2532', '那坡县', '262');
INSERT INTO `shop_city` VALUES ('2533', '凌云县', '262');
INSERT INTO `shop_city` VALUES ('2534', '乐业县', '262');
INSERT INTO `shop_city` VALUES ('2535', '田林县', '262');
INSERT INTO `shop_city` VALUES ('2536', '西林县', '262');
INSERT INTO `shop_city` VALUES ('2537', '隆林各族自治县', '262');
INSERT INTO `shop_city` VALUES ('2538', '市辖区', '263');
INSERT INTO `shop_city` VALUES ('2539', '八步区', '263');
INSERT INTO `shop_city` VALUES ('2540', '昭平县', '263');
INSERT INTO `shop_city` VALUES ('2541', '钟山县', '263');
INSERT INTO `shop_city` VALUES ('2542', '富川瑶族自治县', '263');
INSERT INTO `shop_city` VALUES ('2543', '市辖区', '264');
INSERT INTO `shop_city` VALUES ('2544', '金城江区', '264');
INSERT INTO `shop_city` VALUES ('2545', '南丹县', '264');
INSERT INTO `shop_city` VALUES ('2546', '天峨县', '264');
INSERT INTO `shop_city` VALUES ('2547', '凤山县', '264');
INSERT INTO `shop_city` VALUES ('2548', '东兰县', '264');
INSERT INTO `shop_city` VALUES ('2549', '罗城仫佬族自治县', '264');
INSERT INTO `shop_city` VALUES ('2550', '环江毛南族自治县', '264');
INSERT INTO `shop_city` VALUES ('2551', '巴马瑶族自治县', '264');
INSERT INTO `shop_city` VALUES ('2552', '都安瑶族自治县', '264');
INSERT INTO `shop_city` VALUES ('2553', '大化瑶族自治县', '264');
INSERT INTO `shop_city` VALUES ('2554', '宜州市', '264');
INSERT INTO `shop_city` VALUES ('2555', '市辖区', '265');
INSERT INTO `shop_city` VALUES ('2556', '兴宾区', '265');
INSERT INTO `shop_city` VALUES ('2557', '忻城县', '265');
INSERT INTO `shop_city` VALUES ('2558', '象州县', '265');
INSERT INTO `shop_city` VALUES ('2559', '武宣县', '265');
INSERT INTO `shop_city` VALUES ('2560', '金秀瑶族自治县', '265');
INSERT INTO `shop_city` VALUES ('2561', '合山市', '265');
INSERT INTO `shop_city` VALUES ('2562', '市辖区', '266');
INSERT INTO `shop_city` VALUES ('2563', '江洲区', '266');
INSERT INTO `shop_city` VALUES ('2564', '扶绥县', '266');
INSERT INTO `shop_city` VALUES ('2565', '宁明县', '266');
INSERT INTO `shop_city` VALUES ('2566', '龙州县', '266');
INSERT INTO `shop_city` VALUES ('2567', '大新县', '266');
INSERT INTO `shop_city` VALUES ('2568', '天等县', '266');
INSERT INTO `shop_city` VALUES ('2569', '凭祥市', '266');
INSERT INTO `shop_city` VALUES ('2570', '市辖区', '267');
INSERT INTO `shop_city` VALUES ('2571', '秀英区', '267');
INSERT INTO `shop_city` VALUES ('2572', '龙华区', '267');
INSERT INTO `shop_city` VALUES ('2573', '琼山区', '267');
INSERT INTO `shop_city` VALUES ('2574', '美兰区', '267');
INSERT INTO `shop_city` VALUES ('2575', '市辖区', '268');
INSERT INTO `shop_city` VALUES ('2576', '五指山市', '269');
INSERT INTO `shop_city` VALUES ('2577', '琼海市', '269');
INSERT INTO `shop_city` VALUES ('2578', '儋州市', '269');
INSERT INTO `shop_city` VALUES ('2579', '文昌市', '269');
INSERT INTO `shop_city` VALUES ('2580', '万宁市', '269');
INSERT INTO `shop_city` VALUES ('2581', '东方市', '269');
INSERT INTO `shop_city` VALUES ('2582', '定安县', '269');
INSERT INTO `shop_city` VALUES ('2583', '屯昌县', '269');
INSERT INTO `shop_city` VALUES ('2584', '澄迈县', '269');
INSERT INTO `shop_city` VALUES ('2585', '临高县', '269');
INSERT INTO `shop_city` VALUES ('2586', '白沙黎族自治县', '269');
INSERT INTO `shop_city` VALUES ('2587', '昌江黎族自治县', '269');
INSERT INTO `shop_city` VALUES ('2588', '乐东黎族自治县', '269');
INSERT INTO `shop_city` VALUES ('2589', '陵水黎族自治县', '269');
INSERT INTO `shop_city` VALUES ('2590', '保亭黎族苗族自治县', '269');
INSERT INTO `shop_city` VALUES ('2591', '琼中黎族苗族自治县', '269');
INSERT INTO `shop_city` VALUES ('2592', '西沙群岛', '269');
INSERT INTO `shop_city` VALUES ('2593', '南沙群岛', '269');
INSERT INTO `shop_city` VALUES ('2594', '中沙群岛的岛礁及其海域', '269');
INSERT INTO `shop_city` VALUES ('2595', '万州区', '270');
INSERT INTO `shop_city` VALUES ('2596', '涪陵区', '270');
INSERT INTO `shop_city` VALUES ('2597', '渝中区', '270');
INSERT INTO `shop_city` VALUES ('2598', '大渡口区', '270');
INSERT INTO `shop_city` VALUES ('2599', '江北区', '270');
INSERT INTO `shop_city` VALUES ('2600', '沙坪坝区', '270');
INSERT INTO `shop_city` VALUES ('2601', '九龙坡区', '270');
INSERT INTO `shop_city` VALUES ('2602', '南岸区', '270');
INSERT INTO `shop_city` VALUES ('2603', '北碚区', '270');
INSERT INTO `shop_city` VALUES ('2604', '万盛区', '270');
INSERT INTO `shop_city` VALUES ('2605', '双桥区', '270');
INSERT INTO `shop_city` VALUES ('2606', '渝北区', '270');
INSERT INTO `shop_city` VALUES ('2607', '巴南区', '270');
INSERT INTO `shop_city` VALUES ('2608', '黔江区', '270');
INSERT INTO `shop_city` VALUES ('2609', '长寿区', '270');
INSERT INTO `shop_city` VALUES ('2610', '綦江县', '271');
INSERT INTO `shop_city` VALUES ('2611', '潼南县', '271');
INSERT INTO `shop_city` VALUES ('2612', '铜梁县', '271');
INSERT INTO `shop_city` VALUES ('2613', '大足县', '271');
INSERT INTO `shop_city` VALUES ('2614', '荣昌县', '271');
INSERT INTO `shop_city` VALUES ('2615', '璧山县', '271');
INSERT INTO `shop_city` VALUES ('2616', '梁平县', '271');
INSERT INTO `shop_city` VALUES ('2617', '城口县', '271');
INSERT INTO `shop_city` VALUES ('2618', '丰都县', '271');
INSERT INTO `shop_city` VALUES ('2619', '垫江县', '271');
INSERT INTO `shop_city` VALUES ('2620', '武隆县', '271');
INSERT INTO `shop_city` VALUES ('2621', '忠县', '271');
INSERT INTO `shop_city` VALUES ('2622', '开县', '271');
INSERT INTO `shop_city` VALUES ('2623', '云阳县', '271');
INSERT INTO `shop_city` VALUES ('2624', '奉节县', '271');
INSERT INTO `shop_city` VALUES ('2625', '巫山县', '271');
INSERT INTO `shop_city` VALUES ('2626', '巫溪县', '271');
INSERT INTO `shop_city` VALUES ('2627', '石柱土家族自治县', '271');
INSERT INTO `shop_city` VALUES ('2628', '秀山土家族苗族自治县', '271');
INSERT INTO `shop_city` VALUES ('2629', '酉阳土家族苗族自治县', '271');
INSERT INTO `shop_city` VALUES ('2630', '彭水苗族土家族自治县', '271');
INSERT INTO `shop_city` VALUES ('2631', '江津区', '272');
INSERT INTO `shop_city` VALUES ('2632', '合川区', '272');
INSERT INTO `shop_city` VALUES ('2633', '永川区', '272');
INSERT INTO `shop_city` VALUES ('2634', '南川区', '272');
INSERT INTO `shop_city` VALUES ('2635', '市辖区', '273');
INSERT INTO `shop_city` VALUES ('2636', '锦江区', '273');
INSERT INTO `shop_city` VALUES ('2637', '青羊区', '273');
INSERT INTO `shop_city` VALUES ('2638', '金牛区', '273');
INSERT INTO `shop_city` VALUES ('2639', '武侯区', '273');
INSERT INTO `shop_city` VALUES ('2640', '成华区', '273');
INSERT INTO `shop_city` VALUES ('2641', '龙泉驿区', '273');
INSERT INTO `shop_city` VALUES ('2642', '青白江区', '273');
INSERT INTO `shop_city` VALUES ('2643', '新都区', '273');
INSERT INTO `shop_city` VALUES ('2644', '温江区', '273');
INSERT INTO `shop_city` VALUES ('2645', '金堂县', '273');
INSERT INTO `shop_city` VALUES ('2646', '双流县', '273');
INSERT INTO `shop_city` VALUES ('2647', '郫县', '273');
INSERT INTO `shop_city` VALUES ('2648', '大邑县', '273');
INSERT INTO `shop_city` VALUES ('2649', '蒲江县', '273');
INSERT INTO `shop_city` VALUES ('2650', '新津县', '273');
INSERT INTO `shop_city` VALUES ('2651', '都江堰市', '273');
INSERT INTO `shop_city` VALUES ('2652', '彭州市', '273');
INSERT INTO `shop_city` VALUES ('2653', '邛崃市', '273');
INSERT INTO `shop_city` VALUES ('2654', '崇州市', '273');
INSERT INTO `shop_city` VALUES ('2655', '市辖区', '274');
INSERT INTO `shop_city` VALUES ('2656', '自流井区', '274');
INSERT INTO `shop_city` VALUES ('2657', '贡井区', '274');
INSERT INTO `shop_city` VALUES ('2658', '大安区', '274');
INSERT INTO `shop_city` VALUES ('2659', '沿滩区', '274');
INSERT INTO `shop_city` VALUES ('2660', '荣县', '274');
INSERT INTO `shop_city` VALUES ('2661', '富顺县', '274');
INSERT INTO `shop_city` VALUES ('2662', '市辖区', '275');
INSERT INTO `shop_city` VALUES ('2663', '东区', '275');
INSERT INTO `shop_city` VALUES ('2664', '西区', '275');
INSERT INTO `shop_city` VALUES ('2665', '仁和区', '275');
INSERT INTO `shop_city` VALUES ('2666', '米易县', '275');
INSERT INTO `shop_city` VALUES ('2667', '盐边县', '275');
INSERT INTO `shop_city` VALUES ('2668', '市辖区', '276');
INSERT INTO `shop_city` VALUES ('2669', '江阳区', '276');
INSERT INTO `shop_city` VALUES ('2670', '纳溪区', '276');
INSERT INTO `shop_city` VALUES ('2671', '龙马潭区', '276');
INSERT INTO `shop_city` VALUES ('2672', '泸县', '276');
INSERT INTO `shop_city` VALUES ('2673', '合江县', '276');
INSERT INTO `shop_city` VALUES ('2674', '叙永县', '276');
INSERT INTO `shop_city` VALUES ('2675', '古蔺县', '276');
INSERT INTO `shop_city` VALUES ('2676', '市辖区', '277');
INSERT INTO `shop_city` VALUES ('2677', '旌阳区', '277');
INSERT INTO `shop_city` VALUES ('2678', '中江县', '277');
INSERT INTO `shop_city` VALUES ('2679', '罗江县', '277');
INSERT INTO `shop_city` VALUES ('2680', '广汉市', '277');
INSERT INTO `shop_city` VALUES ('2681', '什邡市', '277');
INSERT INTO `shop_city` VALUES ('2682', '绵竹市', '277');
INSERT INTO `shop_city` VALUES ('2683', '市辖区', '278');
INSERT INTO `shop_city` VALUES ('2684', '涪城区', '278');
INSERT INTO `shop_city` VALUES ('2685', '游仙区', '278');
INSERT INTO `shop_city` VALUES ('2686', '三台县', '278');
INSERT INTO `shop_city` VALUES ('2687', '盐亭县', '278');
INSERT INTO `shop_city` VALUES ('2688', '安县', '278');
INSERT INTO `shop_city` VALUES ('2689', '梓潼县', '278');
INSERT INTO `shop_city` VALUES ('2690', '北川羌族自治县', '278');
INSERT INTO `shop_city` VALUES ('2691', '平武县', '278');
INSERT INTO `shop_city` VALUES ('2692', '江油市', '278');
INSERT INTO `shop_city` VALUES ('2693', '市辖区', '279');
INSERT INTO `shop_city` VALUES ('2694', '市中区', '279');
INSERT INTO `shop_city` VALUES ('2695', '元坝区', '279');
INSERT INTO `shop_city` VALUES ('2696', '朝天区', '279');
INSERT INTO `shop_city` VALUES ('2697', '旺苍县', '279');
INSERT INTO `shop_city` VALUES ('2698', '青川县', '279');
INSERT INTO `shop_city` VALUES ('2699', '剑阁县', '279');
INSERT INTO `shop_city` VALUES ('2700', '苍溪县', '279');
INSERT INTO `shop_city` VALUES ('2701', '市辖区', '280');
INSERT INTO `shop_city` VALUES ('2702', '船山区', '280');
INSERT INTO `shop_city` VALUES ('2703', '安居区', '280');
INSERT INTO `shop_city` VALUES ('2704', '蓬溪县', '280');
INSERT INTO `shop_city` VALUES ('2705', '射洪县', '280');
INSERT INTO `shop_city` VALUES ('2706', '大英县', '280');
INSERT INTO `shop_city` VALUES ('2707', '市辖区', '281');
INSERT INTO `shop_city` VALUES ('2708', '市中区', '281');
INSERT INTO `shop_city` VALUES ('2709', '东兴区', '281');
INSERT INTO `shop_city` VALUES ('2710', '威远县', '281');
INSERT INTO `shop_city` VALUES ('2711', '资中县', '281');
INSERT INTO `shop_city` VALUES ('2712', '隆昌县', '281');
INSERT INTO `shop_city` VALUES ('2713', '市辖区', '282');
INSERT INTO `shop_city` VALUES ('2714', '市中区', '282');
INSERT INTO `shop_city` VALUES ('2715', '沙湾区', '282');
INSERT INTO `shop_city` VALUES ('2716', '五通桥区', '282');
INSERT INTO `shop_city` VALUES ('2717', '金口河区', '282');
INSERT INTO `shop_city` VALUES ('2718', '犍为县', '282');
INSERT INTO `shop_city` VALUES ('2719', '井研县', '282');
INSERT INTO `shop_city` VALUES ('2720', '夹江县', '282');
INSERT INTO `shop_city` VALUES ('2721', '沐川县', '282');
INSERT INTO `shop_city` VALUES ('2722', '峨边彝族自治县', '282');
INSERT INTO `shop_city` VALUES ('2723', '马边彝族自治县', '282');
INSERT INTO `shop_city` VALUES ('2724', '峨眉山市', '282');
INSERT INTO `shop_city` VALUES ('2725', '市辖区', '283');
INSERT INTO `shop_city` VALUES ('2726', '顺庆区', '283');
INSERT INTO `shop_city` VALUES ('2727', '高坪区', '283');
INSERT INTO `shop_city` VALUES ('2728', '嘉陵区', '283');
INSERT INTO `shop_city` VALUES ('2729', '南部县', '283');
INSERT INTO `shop_city` VALUES ('2730', '营山县', '283');
INSERT INTO `shop_city` VALUES ('2731', '蓬安县', '283');
INSERT INTO `shop_city` VALUES ('2732', '仪陇县', '283');
INSERT INTO `shop_city` VALUES ('2733', '西充县', '283');
INSERT INTO `shop_city` VALUES ('2734', '阆中市', '283');
INSERT INTO `shop_city` VALUES ('2735', '市辖区', '284');
INSERT INTO `shop_city` VALUES ('2736', '东坡区', '284');
INSERT INTO `shop_city` VALUES ('2737', '仁寿县', '284');
INSERT INTO `shop_city` VALUES ('2738', '彭山县', '284');
INSERT INTO `shop_city` VALUES ('2739', '洪雅县', '284');
INSERT INTO `shop_city` VALUES ('2740', '丹棱县', '284');
INSERT INTO `shop_city` VALUES ('2741', '青神县', '284');
INSERT INTO `shop_city` VALUES ('2742', '市辖区', '285');
INSERT INTO `shop_city` VALUES ('2743', '翠屏区', '285');
INSERT INTO `shop_city` VALUES ('2744', '宜宾县', '285');
INSERT INTO `shop_city` VALUES ('2745', '南溪县', '285');
INSERT INTO `shop_city` VALUES ('2746', '江安县', '285');
INSERT INTO `shop_city` VALUES ('2747', '长宁县', '285');
INSERT INTO `shop_city` VALUES ('2748', '高县', '285');
INSERT INTO `shop_city` VALUES ('2749', '珙县', '285');
INSERT INTO `shop_city` VALUES ('2750', '筠连县', '285');
INSERT INTO `shop_city` VALUES ('2751', '兴文县', '285');
INSERT INTO `shop_city` VALUES ('2752', '屏山县', '285');
INSERT INTO `shop_city` VALUES ('2753', '市辖区', '286');
INSERT INTO `shop_city` VALUES ('2754', '广安区', '286');
INSERT INTO `shop_city` VALUES ('2755', '岳池县', '286');
INSERT INTO `shop_city` VALUES ('2756', '武胜县', '286');
INSERT INTO `shop_city` VALUES ('2757', '邻水县', '286');
INSERT INTO `shop_city` VALUES ('2759', '市辖区', '287');
INSERT INTO `shop_city` VALUES ('2760', '通川区', '287');
INSERT INTO `shop_city` VALUES ('2761', '达县', '287');
INSERT INTO `shop_city` VALUES ('2762', '宣汉县', '287');
INSERT INTO `shop_city` VALUES ('2763', '开江县', '287');
INSERT INTO `shop_city` VALUES ('2764', '大竹县', '287');
INSERT INTO `shop_city` VALUES ('2765', '渠县', '287');
INSERT INTO `shop_city` VALUES ('2766', '万源市', '287');
INSERT INTO `shop_city` VALUES ('2767', '市辖区', '288');
INSERT INTO `shop_city` VALUES ('2768', '雨城区', '288');
INSERT INTO `shop_city` VALUES ('2769', '名山县', '288');
INSERT INTO `shop_city` VALUES ('2770', '荥经县', '288');
INSERT INTO `shop_city` VALUES ('2771', '汉源县', '288');
INSERT INTO `shop_city` VALUES ('2772', '石棉县', '288');
INSERT INTO `shop_city` VALUES ('2773', '天全县', '288');
INSERT INTO `shop_city` VALUES ('2774', '芦山县', '288');
INSERT INTO `shop_city` VALUES ('2775', '宝兴县', '288');
INSERT INTO `shop_city` VALUES ('2776', '市辖区', '289');
INSERT INTO `shop_city` VALUES ('2777', '巴州区', '289');
INSERT INTO `shop_city` VALUES ('2778', '通江县', '289');
INSERT INTO `shop_city` VALUES ('2779', '南江县', '289');
INSERT INTO `shop_city` VALUES ('2780', '平昌县', '289');
INSERT INTO `shop_city` VALUES ('2781', '市辖区', '290');
INSERT INTO `shop_city` VALUES ('2782', '雁江区', '290');
INSERT INTO `shop_city` VALUES ('2783', '安岳县', '290');
INSERT INTO `shop_city` VALUES ('2784', '乐至县', '290');
INSERT INTO `shop_city` VALUES ('2785', '简阳市', '290');
INSERT INTO `shop_city` VALUES ('2786', '汶川县', '291');
INSERT INTO `shop_city` VALUES ('2787', '理县', '291');
INSERT INTO `shop_city` VALUES ('2788', '茂县', '291');
INSERT INTO `shop_city` VALUES ('2789', '松潘县', '291');
INSERT INTO `shop_city` VALUES ('2790', '九寨沟县', '291');
INSERT INTO `shop_city` VALUES ('2791', '金川县', '291');
INSERT INTO `shop_city` VALUES ('2792', '小金县', '291');
INSERT INTO `shop_city` VALUES ('2793', '黑水县', '291');
INSERT INTO `shop_city` VALUES ('2794', '马尔康县', '291');
INSERT INTO `shop_city` VALUES ('2795', '壤塘县', '291');
INSERT INTO `shop_city` VALUES ('2796', '阿坝县', '291');
INSERT INTO `shop_city` VALUES ('2797', '若尔盖县', '291');
INSERT INTO `shop_city` VALUES ('2798', '红原县', '291');
INSERT INTO `shop_city` VALUES ('2799', '康定县', '292');
INSERT INTO `shop_city` VALUES ('2800', '泸定县', '292');
INSERT INTO `shop_city` VALUES ('2801', '丹巴县', '292');
INSERT INTO `shop_city` VALUES ('2802', '九龙县', '292');
INSERT INTO `shop_city` VALUES ('2803', '雅江县', '292');
INSERT INTO `shop_city` VALUES ('2804', '道孚县', '292');
INSERT INTO `shop_city` VALUES ('2805', '炉霍县', '292');
INSERT INTO `shop_city` VALUES ('2806', '甘孜县', '292');
INSERT INTO `shop_city` VALUES ('2807', '新龙县', '292');
INSERT INTO `shop_city` VALUES ('2808', '德格县', '292');
INSERT INTO `shop_city` VALUES ('2809', '白玉县', '292');
INSERT INTO `shop_city` VALUES ('2810', '石渠县', '292');
INSERT INTO `shop_city` VALUES ('2811', '色达县', '292');
INSERT INTO `shop_city` VALUES ('2812', '理塘县', '292');
INSERT INTO `shop_city` VALUES ('2813', '巴塘县', '292');
INSERT INTO `shop_city` VALUES ('2814', '乡城县', '292');
INSERT INTO `shop_city` VALUES ('2815', '稻城县', '292');
INSERT INTO `shop_city` VALUES ('2816', '得荣县', '292');
INSERT INTO `shop_city` VALUES ('2817', '西昌市', '293');
INSERT INTO `shop_city` VALUES ('2818', '木里藏族自治县', '293');
INSERT INTO `shop_city` VALUES ('2819', '盐源县', '293');
INSERT INTO `shop_city` VALUES ('2820', '德昌县', '293');
INSERT INTO `shop_city` VALUES ('2821', '会理县', '293');
INSERT INTO `shop_city` VALUES ('2822', '会东县', '293');
INSERT INTO `shop_city` VALUES ('2823', '宁南县', '293');
INSERT INTO `shop_city` VALUES ('2824', '普格县', '293');
INSERT INTO `shop_city` VALUES ('2825', '布拖县', '293');
INSERT INTO `shop_city` VALUES ('2826', '金阳县', '293');
INSERT INTO `shop_city` VALUES ('2827', '昭觉县', '293');
INSERT INTO `shop_city` VALUES ('2828', '喜德县', '293');
INSERT INTO `shop_city` VALUES ('2829', '冕宁县', '293');
INSERT INTO `shop_city` VALUES ('2830', '越西县', '293');
INSERT INTO `shop_city` VALUES ('2831', '甘洛县', '293');
INSERT INTO `shop_city` VALUES ('2832', '美姑县', '293');
INSERT INTO `shop_city` VALUES ('2833', '雷波县', '293');
INSERT INTO `shop_city` VALUES ('2834', '市辖区', '294');
INSERT INTO `shop_city` VALUES ('2835', '南明区', '294');
INSERT INTO `shop_city` VALUES ('2836', '云岩区', '294');
INSERT INTO `shop_city` VALUES ('2837', '花溪区', '294');
INSERT INTO `shop_city` VALUES ('2838', '乌当区', '294');
INSERT INTO `shop_city` VALUES ('2839', '白云区', '294');
INSERT INTO `shop_city` VALUES ('2840', '小河区', '294');
INSERT INTO `shop_city` VALUES ('2841', '开阳县', '294');
INSERT INTO `shop_city` VALUES ('2842', '息烽县', '294');
INSERT INTO `shop_city` VALUES ('2843', '修文县', '294');
INSERT INTO `shop_city` VALUES ('2844', '清镇市', '294');
INSERT INTO `shop_city` VALUES ('2845', '钟山区', '295');
INSERT INTO `shop_city` VALUES ('2846', '六枝特区', '295');
INSERT INTO `shop_city` VALUES ('2847', '水城县', '295');
INSERT INTO `shop_city` VALUES ('2848', '盘县', '295');
INSERT INTO `shop_city` VALUES ('2849', '市辖区', '296');
INSERT INTO `shop_city` VALUES ('2850', '红花岗区', '296');
INSERT INTO `shop_city` VALUES ('2851', '汇川区', '296');
INSERT INTO `shop_city` VALUES ('2852', '遵义县', '296');
INSERT INTO `shop_city` VALUES ('2853', '桐梓县', '296');
INSERT INTO `shop_city` VALUES ('2854', '绥阳县', '296');
INSERT INTO `shop_city` VALUES ('2855', '正安县', '296');
INSERT INTO `shop_city` VALUES ('2856', '道真仡佬族苗族自治县', '296');
INSERT INTO `shop_city` VALUES ('2857', '务川仡佬族苗族自治县', '296');
INSERT INTO `shop_city` VALUES ('2858', '凤冈县', '296');
INSERT INTO `shop_city` VALUES ('2859', '湄潭县', '296');
INSERT INTO `shop_city` VALUES ('2860', '余庆县', '296');
INSERT INTO `shop_city` VALUES ('2861', '习水县', '296');
INSERT INTO `shop_city` VALUES ('2862', '赤水市', '296');
INSERT INTO `shop_city` VALUES ('2863', '仁怀市', '296');
INSERT INTO `shop_city` VALUES ('2864', '市辖区', '297');
INSERT INTO `shop_city` VALUES ('2865', '西秀区', '297');
INSERT INTO `shop_city` VALUES ('2866', '平坝县', '297');
INSERT INTO `shop_city` VALUES ('2867', '普定县', '297');
INSERT INTO `shop_city` VALUES ('2868', '镇宁布依族苗族自治县', '297');
INSERT INTO `shop_city` VALUES ('2869', '关岭布依族苗族自治县', '297');
INSERT INTO `shop_city` VALUES ('2870', '紫云苗族布依族自治县', '297');
INSERT INTO `shop_city` VALUES ('2871', '铜仁市', '298');
INSERT INTO `shop_city` VALUES ('2872', '江口县', '298');
INSERT INTO `shop_city` VALUES ('2873', '玉屏侗族自治县', '298');
INSERT INTO `shop_city` VALUES ('2874', '石阡县', '298');
INSERT INTO `shop_city` VALUES ('2875', '思南县', '298');
INSERT INTO `shop_city` VALUES ('2876', '印江土家族苗族自治县', '298');
INSERT INTO `shop_city` VALUES ('2877', '德江县', '298');
INSERT INTO `shop_city` VALUES ('2878', '沿河土家族自治县', '298');
INSERT INTO `shop_city` VALUES ('2879', '松桃苗族自治县', '298');
INSERT INTO `shop_city` VALUES ('2880', '万山特区', '298');
INSERT INTO `shop_city` VALUES ('2881', '兴义市', '299');
INSERT INTO `shop_city` VALUES ('2882', '兴仁县', '299');
INSERT INTO `shop_city` VALUES ('2883', '普安县', '299');
INSERT INTO `shop_city` VALUES ('2884', '晴隆县', '299');
INSERT INTO `shop_city` VALUES ('2885', '贞丰县', '299');
INSERT INTO `shop_city` VALUES ('2886', '望谟县', '299');
INSERT INTO `shop_city` VALUES ('2887', '册亨县', '299');
INSERT INTO `shop_city` VALUES ('2888', '安龙县', '299');
INSERT INTO `shop_city` VALUES ('2889', '毕节市', '300');
INSERT INTO `shop_city` VALUES ('2890', '大方县', '300');
INSERT INTO `shop_city` VALUES ('2891', '黔西县', '300');
INSERT INTO `shop_city` VALUES ('2892', '金沙县', '300');
INSERT INTO `shop_city` VALUES ('2893', '织金县', '300');
INSERT INTO `shop_city` VALUES ('2894', '纳雍县', '300');
INSERT INTO `shop_city` VALUES ('2895', '威宁彝族回族苗族自治县', '300');
INSERT INTO `shop_city` VALUES ('2896', '赫章县', '300');
INSERT INTO `shop_city` VALUES ('2897', '凯里市', '301');
INSERT INTO `shop_city` VALUES ('2898', '黄平县', '301');
INSERT INTO `shop_city` VALUES ('2899', '施秉县', '301');
INSERT INTO `shop_city` VALUES ('2900', '三穗县', '301');
INSERT INTO `shop_city` VALUES ('2901', '镇远县', '301');
INSERT INTO `shop_city` VALUES ('2902', '岑巩县', '301');
INSERT INTO `shop_city` VALUES ('2903', '天柱县', '301');
INSERT INTO `shop_city` VALUES ('2904', '锦屏县', '301');
INSERT INTO `shop_city` VALUES ('2905', '剑河县', '301');
INSERT INTO `shop_city` VALUES ('2906', '台江县', '301');
INSERT INTO `shop_city` VALUES ('2907', '黎平县', '301');
INSERT INTO `shop_city` VALUES ('2908', '榕江县', '301');
INSERT INTO `shop_city` VALUES ('2909', '从江县', '301');
INSERT INTO `shop_city` VALUES ('2910', '雷山县', '301');
INSERT INTO `shop_city` VALUES ('2911', '麻江县', '301');
INSERT INTO `shop_city` VALUES ('2912', '丹寨县', '301');
INSERT INTO `shop_city` VALUES ('2913', '都匀市', '302');
INSERT INTO `shop_city` VALUES ('2914', '福泉市', '302');
INSERT INTO `shop_city` VALUES ('2915', '荔波县', '302');
INSERT INTO `shop_city` VALUES ('2916', '贵定县', '302');
INSERT INTO `shop_city` VALUES ('2917', '瓮安县', '302');
INSERT INTO `shop_city` VALUES ('2918', '独山县', '302');
INSERT INTO `shop_city` VALUES ('2919', '平塘县', '302');
INSERT INTO `shop_city` VALUES ('2920', '罗甸县', '302');
INSERT INTO `shop_city` VALUES ('2921', '长顺县', '302');
INSERT INTO `shop_city` VALUES ('2922', '龙里县', '302');
INSERT INTO `shop_city` VALUES ('2923', '惠水县', '302');
INSERT INTO `shop_city` VALUES ('2924', '三都水族自治县', '302');
INSERT INTO `shop_city` VALUES ('2925', '市辖区', '303');
INSERT INTO `shop_city` VALUES ('2926', '五华区', '303');
INSERT INTO `shop_city` VALUES ('2927', '盘龙区', '303');
INSERT INTO `shop_city` VALUES ('2928', '官渡区', '303');
INSERT INTO `shop_city` VALUES ('2929', '西山区', '303');
INSERT INTO `shop_city` VALUES ('2930', '东川区', '303');
INSERT INTO `shop_city` VALUES ('2931', '呈贡县', '303');
INSERT INTO `shop_city` VALUES ('2932', '晋宁县', '303');
INSERT INTO `shop_city` VALUES ('2933', '富民县', '303');
INSERT INTO `shop_city` VALUES ('2934', '宜良县', '303');
INSERT INTO `shop_city` VALUES ('2935', '石林彝族自治县', '303');
INSERT INTO `shop_city` VALUES ('2936', '嵩明县', '303');
INSERT INTO `shop_city` VALUES ('2937', '禄劝彝族苗族自治县', '303');
INSERT INTO `shop_city` VALUES ('2938', '寻甸回族彝族自治县', '303');
INSERT INTO `shop_city` VALUES ('2939', '安宁市', '303');
INSERT INTO `shop_city` VALUES ('2940', '市辖区', '304');
INSERT INTO `shop_city` VALUES ('2941', '麒麟区', '304');
INSERT INTO `shop_city` VALUES ('2942', '马龙县', '304');
INSERT INTO `shop_city` VALUES ('2943', '陆良县', '304');
INSERT INTO `shop_city` VALUES ('2944', '师宗县', '304');
INSERT INTO `shop_city` VALUES ('2945', '罗平县', '304');
INSERT INTO `shop_city` VALUES ('2946', '富源县', '304');
INSERT INTO `shop_city` VALUES ('2947', '会泽县', '304');
INSERT INTO `shop_city` VALUES ('2948', '沾益县', '304');
INSERT INTO `shop_city` VALUES ('2949', '宣威市', '304');
INSERT INTO `shop_city` VALUES ('2950', '市辖区', '305');
INSERT INTO `shop_city` VALUES ('2951', '红塔区', '305');
INSERT INTO `shop_city` VALUES ('2952', '江川县', '305');
INSERT INTO `shop_city` VALUES ('2953', '澄江县', '305');
INSERT INTO `shop_city` VALUES ('2954', '通海县', '305');
INSERT INTO `shop_city` VALUES ('2955', '华宁县', '305');
INSERT INTO `shop_city` VALUES ('2956', '易门县', '305');
INSERT INTO `shop_city` VALUES ('2957', '峨山彝族自治县', '305');
INSERT INTO `shop_city` VALUES ('2958', '新平彝族傣族自治县', '305');
INSERT INTO `shop_city` VALUES ('2959', '元江哈尼族彝族傣族自治县', '305');
INSERT INTO `shop_city` VALUES ('2960', '市辖区', '306');
INSERT INTO `shop_city` VALUES ('2961', '隆阳区', '306');
INSERT INTO `shop_city` VALUES ('2962', '施甸县', '306');
INSERT INTO `shop_city` VALUES ('2963', '腾冲县', '306');
INSERT INTO `shop_city` VALUES ('2964', '龙陵县', '306');
INSERT INTO `shop_city` VALUES ('2965', '昌宁县', '306');
INSERT INTO `shop_city` VALUES ('2966', '市辖区', '307');
INSERT INTO `shop_city` VALUES ('2967', '昭阳区', '307');
INSERT INTO `shop_city` VALUES ('2968', '鲁甸县', '307');
INSERT INTO `shop_city` VALUES ('2969', '巧家县', '307');
INSERT INTO `shop_city` VALUES ('2970', '盐津县', '307');
INSERT INTO `shop_city` VALUES ('2971', '大关县', '307');
INSERT INTO `shop_city` VALUES ('2972', '永善县', '307');
INSERT INTO `shop_city` VALUES ('2973', '绥江县', '307');
INSERT INTO `shop_city` VALUES ('2974', '镇雄县', '307');
INSERT INTO `shop_city` VALUES ('2975', '彝良县', '307');
INSERT INTO `shop_city` VALUES ('2976', '威信县', '307');
INSERT INTO `shop_city` VALUES ('2977', '水富县', '307');
INSERT INTO `shop_city` VALUES ('2978', '市辖区', '308');
INSERT INTO `shop_city` VALUES ('2979', '古城区', '308');
INSERT INTO `shop_city` VALUES ('2980', '玉龙纳西族自治县', '308');
INSERT INTO `shop_city` VALUES ('2981', '永胜县', '308');
INSERT INTO `shop_city` VALUES ('2982', '华坪县', '308');
INSERT INTO `shop_city` VALUES ('2983', '宁蒗彝族自治县', '308');
INSERT INTO `shop_city` VALUES ('2984', '市辖区', '309');
INSERT INTO `shop_city` VALUES ('2985', '思茅区', '309');
INSERT INTO `shop_city` VALUES ('2986', '宁洱哈尼族彝族自治县', '309');
INSERT INTO `shop_city` VALUES ('2987', '墨江哈尼族自治县', '309');
INSERT INTO `shop_city` VALUES ('2988', '景东彝族自治县', '309');
INSERT INTO `shop_city` VALUES ('2989', '景谷傣族彝族自治县', '309');
INSERT INTO `shop_city` VALUES ('2990', '镇沅彝族哈尼族拉祜族自治县', '309');
INSERT INTO `shop_city` VALUES ('2991', '江城哈尼族彝族自治县', '309');
INSERT INTO `shop_city` VALUES ('2992', '孟连傣族拉祜族佤族自治县', '309');
INSERT INTO `shop_city` VALUES ('2993', '澜沧拉祜族自治县', '309');
INSERT INTO `shop_city` VALUES ('2994', '西盟佤族自治县', '309');
INSERT INTO `shop_city` VALUES ('2995', '市辖区', '310');
INSERT INTO `shop_city` VALUES ('2996', '临翔区', '310');
INSERT INTO `shop_city` VALUES ('2997', '凤庆县', '310');
INSERT INTO `shop_city` VALUES ('2998', '云县', '310');
INSERT INTO `shop_city` VALUES ('2999', '永德县', '310');
INSERT INTO `shop_city` VALUES ('3000', '镇康县', '310');
INSERT INTO `shop_city` VALUES ('3001', '双江拉祜族佤族布朗族傣族自治县', '310');
INSERT INTO `shop_city` VALUES ('3002', '耿马傣族佤族自治县', '310');
INSERT INTO `shop_city` VALUES ('3003', '沧源佤族自治县', '310');
INSERT INTO `shop_city` VALUES ('3004', '楚雄市', '311');
INSERT INTO `shop_city` VALUES ('3005', '双柏县', '311');
INSERT INTO `shop_city` VALUES ('3006', '牟定县', '311');
INSERT INTO `shop_city` VALUES ('3007', '南华县', '311');
INSERT INTO `shop_city` VALUES ('3008', '姚安县', '311');
INSERT INTO `shop_city` VALUES ('3009', '大姚县', '311');
INSERT INTO `shop_city` VALUES ('3010', '永仁县', '311');
INSERT INTO `shop_city` VALUES ('3011', '元谋县', '311');
INSERT INTO `shop_city` VALUES ('3012', '武定县', '311');
INSERT INTO `shop_city` VALUES ('3013', '禄丰县', '311');
INSERT INTO `shop_city` VALUES ('3014', '个旧市', '312');
INSERT INTO `shop_city` VALUES ('3015', '开远市', '312');
INSERT INTO `shop_city` VALUES ('3016', '蒙自市', '312');
INSERT INTO `shop_city` VALUES ('3017', '屏边苗族自治县', '312');
INSERT INTO `shop_city` VALUES ('3018', '建水县', '312');
INSERT INTO `shop_city` VALUES ('3019', '石屏县', '312');
INSERT INTO `shop_city` VALUES ('3020', '弥勒县', '312');
INSERT INTO `shop_city` VALUES ('3021', '泸西县', '312');
INSERT INTO `shop_city` VALUES ('3022', '元阳县', '312');
INSERT INTO `shop_city` VALUES ('3023', '红河县', '312');
INSERT INTO `shop_city` VALUES ('3024', '金平苗族瑶族傣族自治县', '312');
INSERT INTO `shop_city` VALUES ('3025', '绿春县', '312');
INSERT INTO `shop_city` VALUES ('3026', '河口瑶族自治县', '312');
INSERT INTO `shop_city` VALUES ('3027', '文山县', '313');
INSERT INTO `shop_city` VALUES ('3028', '砚山县', '313');
INSERT INTO `shop_city` VALUES ('3029', '西畴县', '313');
INSERT INTO `shop_city` VALUES ('3030', '麻栗坡县', '313');
INSERT INTO `shop_city` VALUES ('3031', '马关县', '313');
INSERT INTO `shop_city` VALUES ('3032', '丘北县', '313');
INSERT INTO `shop_city` VALUES ('3033', '广南县', '313');
INSERT INTO `shop_city` VALUES ('3034', '富宁县', '313');
INSERT INTO `shop_city` VALUES ('3035', '景洪市', '314');
INSERT INTO `shop_city` VALUES ('3036', '勐海县', '314');
INSERT INTO `shop_city` VALUES ('3037', '勐腊县', '314');
INSERT INTO `shop_city` VALUES ('3038', '大理市', '315');
INSERT INTO `shop_city` VALUES ('3039', '漾濞彝族自治县', '315');
INSERT INTO `shop_city` VALUES ('3040', '祥云县', '315');
INSERT INTO `shop_city` VALUES ('3041', '宾川县', '315');
INSERT INTO `shop_city` VALUES ('3042', '弥渡县', '315');
INSERT INTO `shop_city` VALUES ('3043', '南涧彝族自治县', '315');
INSERT INTO `shop_city` VALUES ('3044', '巍山彝族回族自治县', '315');
INSERT INTO `shop_city` VALUES ('3045', '永平县', '315');
INSERT INTO `shop_city` VALUES ('3046', '云龙县', '315');
INSERT INTO `shop_city` VALUES ('3047', '洱源县', '315');
INSERT INTO `shop_city` VALUES ('3048', '剑川县', '315');
INSERT INTO `shop_city` VALUES ('3049', '鹤庆县', '315');
INSERT INTO `shop_city` VALUES ('3050', '瑞丽市', '316');
INSERT INTO `shop_city` VALUES ('3051', '芒市', '316');
INSERT INTO `shop_city` VALUES ('3052', '梁河县', '316');
INSERT INTO `shop_city` VALUES ('3053', '盈江县', '316');
INSERT INTO `shop_city` VALUES ('3054', '陇川县', '316');
INSERT INTO `shop_city` VALUES ('3055', '泸水县', '317');
INSERT INTO `shop_city` VALUES ('3056', '福贡县', '317');
INSERT INTO `shop_city` VALUES ('3057', '贡山独龙族怒族自治县', '317');
INSERT INTO `shop_city` VALUES ('3058', '兰坪白族普米族自治县', '317');
INSERT INTO `shop_city` VALUES ('3059', '香格里拉县', '318');
INSERT INTO `shop_city` VALUES ('3060', '德钦县', '318');
INSERT INTO `shop_city` VALUES ('3061', '维西傈僳族自治县', '318');
INSERT INTO `shop_city` VALUES ('3062', '市辖区', '319');
INSERT INTO `shop_city` VALUES ('3063', '城关区', '319');
INSERT INTO `shop_city` VALUES ('3064', '林周县', '319');
INSERT INTO `shop_city` VALUES ('3065', '当雄县', '319');
INSERT INTO `shop_city` VALUES ('3066', '尼木县', '319');
INSERT INTO `shop_city` VALUES ('3067', '曲水县', '319');
INSERT INTO `shop_city` VALUES ('3068', '堆龙德庆县', '319');
INSERT INTO `shop_city` VALUES ('3069', '达孜县', '319');
INSERT INTO `shop_city` VALUES ('3070', '墨竹工卡县', '319');
INSERT INTO `shop_city` VALUES ('3071', '昌都县', '320');
INSERT INTO `shop_city` VALUES ('3072', '江达县', '320');
INSERT INTO `shop_city` VALUES ('3073', '贡觉县', '320');
INSERT INTO `shop_city` VALUES ('3074', '类乌齐县', '320');
INSERT INTO `shop_city` VALUES ('3075', '丁青县', '320');
INSERT INTO `shop_city` VALUES ('3076', '察雅县', '320');
INSERT INTO `shop_city` VALUES ('3077', '八宿县', '320');
INSERT INTO `shop_city` VALUES ('3078', '左贡县', '320');
INSERT INTO `shop_city` VALUES ('3079', '芒康县', '320');
INSERT INTO `shop_city` VALUES ('3080', '洛隆县', '320');
INSERT INTO `shop_city` VALUES ('3081', '边坝县', '320');
INSERT INTO `shop_city` VALUES ('3082', '乃东县', '321');
INSERT INTO `shop_city` VALUES ('3083', '扎囊县', '321');
INSERT INTO `shop_city` VALUES ('3084', '贡嘎县', '321');
INSERT INTO `shop_city` VALUES ('3085', '桑日县', '321');
INSERT INTO `shop_city` VALUES ('3086', '琼结县', '321');
INSERT INTO `shop_city` VALUES ('3087', '曲松县', '321');
INSERT INTO `shop_city` VALUES ('3088', '措美县', '321');
INSERT INTO `shop_city` VALUES ('3089', '洛扎县', '321');
INSERT INTO `shop_city` VALUES ('3090', '加查县', '321');
INSERT INTO `shop_city` VALUES ('3091', '隆子县', '321');
INSERT INTO `shop_city` VALUES ('3092', '错那县', '321');
INSERT INTO `shop_city` VALUES ('3093', '浪卡子县', '321');
INSERT INTO `shop_city` VALUES ('3094', '日喀则市', '322');
INSERT INTO `shop_city` VALUES ('3095', '南木林县', '322');
INSERT INTO `shop_city` VALUES ('3096', '江孜县', '322');
INSERT INTO `shop_city` VALUES ('3097', '定日县', '322');
INSERT INTO `shop_city` VALUES ('3098', '萨迦县', '322');
INSERT INTO `shop_city` VALUES ('3099', '拉孜县', '322');
INSERT INTO `shop_city` VALUES ('3100', '昂仁县', '322');
INSERT INTO `shop_city` VALUES ('3101', '谢通门县', '322');
INSERT INTO `shop_city` VALUES ('3102', '白朗县', '322');
INSERT INTO `shop_city` VALUES ('3103', '仁布县', '322');
INSERT INTO `shop_city` VALUES ('3104', '康马县', '322');
INSERT INTO `shop_city` VALUES ('3105', '定结县', '322');
INSERT INTO `shop_city` VALUES ('3106', '仲巴县', '322');
INSERT INTO `shop_city` VALUES ('3107', '亚东县', '322');
INSERT INTO `shop_city` VALUES ('3108', '吉隆县', '322');
INSERT INTO `shop_city` VALUES ('3109', '聂拉木县', '322');
INSERT INTO `shop_city` VALUES ('3110', '萨嘎县', '322');
INSERT INTO `shop_city` VALUES ('3111', '岗巴县', '322');
INSERT INTO `shop_city` VALUES ('3112', '那曲县', '323');
INSERT INTO `shop_city` VALUES ('3113', '嘉黎县', '323');
INSERT INTO `shop_city` VALUES ('3114', '比如县', '323');
INSERT INTO `shop_city` VALUES ('3115', '聂荣县', '323');
INSERT INTO `shop_city` VALUES ('3116', '安多县', '323');
INSERT INTO `shop_city` VALUES ('3117', '申扎县', '323');
INSERT INTO `shop_city` VALUES ('3118', '索县', '323');
INSERT INTO `shop_city` VALUES ('3119', '班戈县', '323');
INSERT INTO `shop_city` VALUES ('3120', '巴青县', '323');
INSERT INTO `shop_city` VALUES ('3121', '尼玛县', '323');
INSERT INTO `shop_city` VALUES ('3122', '普兰县', '324');
INSERT INTO `shop_city` VALUES ('3123', '札达县', '324');
INSERT INTO `shop_city` VALUES ('3124', '噶尔县', '324');
INSERT INTO `shop_city` VALUES ('3125', '日土县', '324');
INSERT INTO `shop_city` VALUES ('3126', '革吉县', '324');
INSERT INTO `shop_city` VALUES ('3127', '改则县', '324');
INSERT INTO `shop_city` VALUES ('3128', '措勤县', '324');
INSERT INTO `shop_city` VALUES ('3129', '林芝县', '325');
INSERT INTO `shop_city` VALUES ('3130', '工布江达县', '325');
INSERT INTO `shop_city` VALUES ('3131', '米林县', '325');
INSERT INTO `shop_city` VALUES ('3132', '墨脱县', '325');
INSERT INTO `shop_city` VALUES ('3133', '波密县', '325');
INSERT INTO `shop_city` VALUES ('3134', '察隅县', '325');
INSERT INTO `shop_city` VALUES ('3135', '朗县', '325');
INSERT INTO `shop_city` VALUES ('3136', '市辖区', '326');
INSERT INTO `shop_city` VALUES ('3137', '新城区', '326');
INSERT INTO `shop_city` VALUES ('3138', '碑林区', '326');
INSERT INTO `shop_city` VALUES ('3139', '莲湖区', '326');
INSERT INTO `shop_city` VALUES ('3140', '灞桥区', '326');
INSERT INTO `shop_city` VALUES ('3141', '未央区', '326');
INSERT INTO `shop_city` VALUES ('3142', '雁塔区', '326');
INSERT INTO `shop_city` VALUES ('3143', '阎良区', '326');
INSERT INTO `shop_city` VALUES ('3144', '临潼区', '326');
INSERT INTO `shop_city` VALUES ('3145', '长安区', '326');
INSERT INTO `shop_city` VALUES ('3146', '蓝田县', '326');
INSERT INTO `shop_city` VALUES ('3147', '周至县', '326');
INSERT INTO `shop_city` VALUES ('3148', '户县', '326');
INSERT INTO `shop_city` VALUES ('3149', '高陵县', '326');
INSERT INTO `shop_city` VALUES ('3150', '市辖区', '327');
INSERT INTO `shop_city` VALUES ('3151', '王益区', '327');
INSERT INTO `shop_city` VALUES ('3152', '印台区', '327');
INSERT INTO `shop_city` VALUES ('3153', '耀州区', '327');
INSERT INTO `shop_city` VALUES ('3154', '宜君县', '327');
INSERT INTO `shop_city` VALUES ('3155', '市辖区', '328');
INSERT INTO `shop_city` VALUES ('3156', '渭滨区', '328');
INSERT INTO `shop_city` VALUES ('3157', '金台区', '328');
INSERT INTO `shop_city` VALUES ('3158', '陈仓区', '328');
INSERT INTO `shop_city` VALUES ('3159', '凤翔县', '328');
INSERT INTO `shop_city` VALUES ('3160', '岐山县', '328');
INSERT INTO `shop_city` VALUES ('3161', '扶风县', '328');
INSERT INTO `shop_city` VALUES ('3162', '眉县', '328');
INSERT INTO `shop_city` VALUES ('3163', '陇县', '328');
INSERT INTO `shop_city` VALUES ('3164', '千阳县', '328');
INSERT INTO `shop_city` VALUES ('3165', '麟游县', '328');
INSERT INTO `shop_city` VALUES ('3166', '凤县', '328');
INSERT INTO `shop_city` VALUES ('3167', '太白县', '328');
INSERT INTO `shop_city` VALUES ('3168', '市辖区', '329');
INSERT INTO `shop_city` VALUES ('3169', '秦都区', '329');
INSERT INTO `shop_city` VALUES ('3170', '杨陵区', '329');
INSERT INTO `shop_city` VALUES ('3171', '渭城区', '329');
INSERT INTO `shop_city` VALUES ('3172', '三原县', '329');
INSERT INTO `shop_city` VALUES ('3173', '泾阳县', '329');
INSERT INTO `shop_city` VALUES ('3174', '乾县', '329');
INSERT INTO `shop_city` VALUES ('3175', '礼泉县', '329');
INSERT INTO `shop_city` VALUES ('3176', '永寿县', '329');
INSERT INTO `shop_city` VALUES ('3177', '彬县', '329');
INSERT INTO `shop_city` VALUES ('3178', '长武县', '329');
INSERT INTO `shop_city` VALUES ('3179', '旬邑县', '329');
INSERT INTO `shop_city` VALUES ('3180', '淳化县', '329');
INSERT INTO `shop_city` VALUES ('3181', '武功县', '329');
INSERT INTO `shop_city` VALUES ('3182', '兴平市', '329');
INSERT INTO `shop_city` VALUES ('3183', '市辖区', '330');
INSERT INTO `shop_city` VALUES ('3184', '临渭区', '330');
INSERT INTO `shop_city` VALUES ('3185', '华县', '330');
INSERT INTO `shop_city` VALUES ('3186', '潼关县', '330');
INSERT INTO `shop_city` VALUES ('3187', '大荔县', '330');
INSERT INTO `shop_city` VALUES ('3188', '合阳县', '330');
INSERT INTO `shop_city` VALUES ('3189', '澄城县', '330');
INSERT INTO `shop_city` VALUES ('3190', '蒲城县', '330');
INSERT INTO `shop_city` VALUES ('3191', '白水县', '330');
INSERT INTO `shop_city` VALUES ('3192', '富平县', '330');
INSERT INTO `shop_city` VALUES ('3193', '韩城市', '330');
INSERT INTO `shop_city` VALUES ('3194', '华阴市', '330');
INSERT INTO `shop_city` VALUES ('3195', '市辖区', '331');
INSERT INTO `shop_city` VALUES ('3196', '宝塔区', '331');
INSERT INTO `shop_city` VALUES ('3197', '延长县', '331');
INSERT INTO `shop_city` VALUES ('3198', '延川县', '331');
INSERT INTO `shop_city` VALUES ('3199', '子长县', '331');
INSERT INTO `shop_city` VALUES ('3200', '安塞县', '331');
INSERT INTO `shop_city` VALUES ('3201', '志丹县', '331');
INSERT INTO `shop_city` VALUES ('3202', '吴起县', '331');
INSERT INTO `shop_city` VALUES ('3203', '甘泉县', '331');
INSERT INTO `shop_city` VALUES ('3204', '富县', '331');
INSERT INTO `shop_city` VALUES ('3205', '洛川县', '331');
INSERT INTO `shop_city` VALUES ('3206', '宜川县', '331');
INSERT INTO `shop_city` VALUES ('3207', '黄龙县', '331');
INSERT INTO `shop_city` VALUES ('3208', '黄陵县', '331');
INSERT INTO `shop_city` VALUES ('3209', '市辖区', '332');
INSERT INTO `shop_city` VALUES ('3210', '汉台区', '332');
INSERT INTO `shop_city` VALUES ('3211', '南郑县', '332');
INSERT INTO `shop_city` VALUES ('3212', '城固县', '332');
INSERT INTO `shop_city` VALUES ('3213', '洋县', '332');
INSERT INTO `shop_city` VALUES ('3214', '西乡县', '332');
INSERT INTO `shop_city` VALUES ('3215', '勉县', '332');
INSERT INTO `shop_city` VALUES ('3216', '宁强县', '332');
INSERT INTO `shop_city` VALUES ('3217', '略阳县', '332');
INSERT INTO `shop_city` VALUES ('3218', '镇巴县', '332');
INSERT INTO `shop_city` VALUES ('3219', '留坝县', '332');
INSERT INTO `shop_city` VALUES ('3220', '佛坪县', '332');
INSERT INTO `shop_city` VALUES ('3221', '市辖区', '333');
INSERT INTO `shop_city` VALUES ('3222', '榆阳区', '333');
INSERT INTO `shop_city` VALUES ('3223', '神木县', '333');
INSERT INTO `shop_city` VALUES ('3224', '府谷县', '333');
INSERT INTO `shop_city` VALUES ('3225', '横山县', '333');
INSERT INTO `shop_city` VALUES ('3226', '靖边县', '333');
INSERT INTO `shop_city` VALUES ('3227', '定边县', '333');
INSERT INTO `shop_city` VALUES ('3228', '绥德县', '333');
INSERT INTO `shop_city` VALUES ('3229', '米脂县', '333');
INSERT INTO `shop_city` VALUES ('3230', '佳县', '333');
INSERT INTO `shop_city` VALUES ('3231', '吴堡县', '333');
INSERT INTO `shop_city` VALUES ('3232', '清涧县', '333');
INSERT INTO `shop_city` VALUES ('3233', '子洲县', '333');
INSERT INTO `shop_city` VALUES ('3234', '市辖区', '334');
INSERT INTO `shop_city` VALUES ('3235', '汉滨区', '334');
INSERT INTO `shop_city` VALUES ('3236', '汉阴县', '334');
INSERT INTO `shop_city` VALUES ('3237', '石泉县', '334');
INSERT INTO `shop_city` VALUES ('3238', '宁陕县', '334');
INSERT INTO `shop_city` VALUES ('3239', '紫阳县', '334');
INSERT INTO `shop_city` VALUES ('3240', '岚皋县', '334');
INSERT INTO `shop_city` VALUES ('3241', '平利县', '334');
INSERT INTO `shop_city` VALUES ('3242', '镇坪县', '334');
INSERT INTO `shop_city` VALUES ('3243', '旬阳县', '334');
INSERT INTO `shop_city` VALUES ('3244', '白河县', '334');
INSERT INTO `shop_city` VALUES ('3245', '市辖区', '335');
INSERT INTO `shop_city` VALUES ('3246', '商州区', '335');
INSERT INTO `shop_city` VALUES ('3247', '洛南县', '335');
INSERT INTO `shop_city` VALUES ('3248', '丹凤县', '335');
INSERT INTO `shop_city` VALUES ('3249', '商南县', '335');
INSERT INTO `shop_city` VALUES ('3250', '山阳县', '335');
INSERT INTO `shop_city` VALUES ('3251', '镇安县', '335');
INSERT INTO `shop_city` VALUES ('3252', '柞水县', '335');
INSERT INTO `shop_city` VALUES ('3253', '市辖区', '336');
INSERT INTO `shop_city` VALUES ('3254', '城关区', '336');
INSERT INTO `shop_city` VALUES ('3255', '七里河区', '336');
INSERT INTO `shop_city` VALUES ('3256', '西固区', '336');
INSERT INTO `shop_city` VALUES ('3257', '安宁区', '336');
INSERT INTO `shop_city` VALUES ('3258', '红古区', '336');
INSERT INTO `shop_city` VALUES ('3259', '永登县', '336');
INSERT INTO `shop_city` VALUES ('3260', '皋兰县', '336');
INSERT INTO `shop_city` VALUES ('3261', '榆中县', '336');
INSERT INTO `shop_city` VALUES ('3262', '市辖区', '337');
INSERT INTO `shop_city` VALUES ('3263', '市辖区', '338');
INSERT INTO `shop_city` VALUES ('3264', '金川区', '338');
INSERT INTO `shop_city` VALUES ('3265', '永昌县', '338');
INSERT INTO `shop_city` VALUES ('3266', '市辖区', '339');
INSERT INTO `shop_city` VALUES ('3267', '白银区', '339');
INSERT INTO `shop_city` VALUES ('3268', '平川区', '339');
INSERT INTO `shop_city` VALUES ('3269', '靖远县', '339');
INSERT INTO `shop_city` VALUES ('3270', '会宁县', '339');
INSERT INTO `shop_city` VALUES ('3271', '景泰县', '339');
INSERT INTO `shop_city` VALUES ('3272', '市辖区', '340');
INSERT INTO `shop_city` VALUES ('3274', '秦州区', '340');
INSERT INTO `shop_city` VALUES ('3275', '清水县', '340');
INSERT INTO `shop_city` VALUES ('3276', '秦安县', '340');
INSERT INTO `shop_city` VALUES ('3277', '甘谷县', '340');
INSERT INTO `shop_city` VALUES ('3278', '武山县', '340');
INSERT INTO `shop_city` VALUES ('3279', '张家川回族自治县', '340');
INSERT INTO `shop_city` VALUES ('3280', '市辖区', '341');
INSERT INTO `shop_city` VALUES ('3281', '凉州区', '341');
INSERT INTO `shop_city` VALUES ('3282', '民勤县', '341');
INSERT INTO `shop_city` VALUES ('3283', '古浪县', '341');
INSERT INTO `shop_city` VALUES ('3284', '天祝藏族自治县', '341');
INSERT INTO `shop_city` VALUES ('3285', '市辖区', '342');
INSERT INTO `shop_city` VALUES ('3286', '甘州区', '342');
INSERT INTO `shop_city` VALUES ('3287', '肃南裕固族自治县', '342');
INSERT INTO `shop_city` VALUES ('3288', '民乐县', '342');
INSERT INTO `shop_city` VALUES ('3289', '临泽县', '342');
INSERT INTO `shop_city` VALUES ('3290', '高台县', '342');
INSERT INTO `shop_city` VALUES ('3291', '山丹县', '342');
INSERT INTO `shop_city` VALUES ('3292', '市辖区', '343');
INSERT INTO `shop_city` VALUES ('3293', '崆峒区', '343');
INSERT INTO `shop_city` VALUES ('3294', '泾川县', '343');
INSERT INTO `shop_city` VALUES ('3295', '灵台县', '343');
INSERT INTO `shop_city` VALUES ('3296', '崇信县', '343');
INSERT INTO `shop_city` VALUES ('3297', '华亭县', '343');
INSERT INTO `shop_city` VALUES ('3298', '庄浪县', '343');
INSERT INTO `shop_city` VALUES ('3299', '静宁县', '343');
INSERT INTO `shop_city` VALUES ('3300', '市辖区', '344');
INSERT INTO `shop_city` VALUES ('3301', '肃州区', '344');
INSERT INTO `shop_city` VALUES ('3302', '金塔县', '344');
INSERT INTO `shop_city` VALUES ('3304', '肃北蒙古族自治县', '344');
INSERT INTO `shop_city` VALUES ('3305', '阿克塞哈萨克族自治县', '344');
INSERT INTO `shop_city` VALUES ('3306', '玉门市', '344');
INSERT INTO `shop_city` VALUES ('3307', '敦煌市', '344');
INSERT INTO `shop_city` VALUES ('3308', '市辖区', '345');
INSERT INTO `shop_city` VALUES ('3309', '西峰区', '345');
INSERT INTO `shop_city` VALUES ('3310', '庆城县', '345');
INSERT INTO `shop_city` VALUES ('3311', '环县', '345');
INSERT INTO `shop_city` VALUES ('3312', '华池县', '345');
INSERT INTO `shop_city` VALUES ('3313', '合水县', '345');
INSERT INTO `shop_city` VALUES ('3314', '正宁县', '345');
INSERT INTO `shop_city` VALUES ('3315', '宁县', '345');
INSERT INTO `shop_city` VALUES ('3316', '镇原县', '345');
INSERT INTO `shop_city` VALUES ('3317', '市辖区', '346');
INSERT INTO `shop_city` VALUES ('3318', '安定区', '346');
INSERT INTO `shop_city` VALUES ('3319', '通渭县', '346');
INSERT INTO `shop_city` VALUES ('3320', '陇西县', '346');
INSERT INTO `shop_city` VALUES ('3321', '渭源县', '346');
INSERT INTO `shop_city` VALUES ('3322', '临洮县', '346');
INSERT INTO `shop_city` VALUES ('3323', '漳县', '346');
INSERT INTO `shop_city` VALUES ('3324', '岷县', '346');
INSERT INTO `shop_city` VALUES ('3325', '市辖区', '347');
INSERT INTO `shop_city` VALUES ('3326', '武都区', '347');
INSERT INTO `shop_city` VALUES ('3327', '成县', '347');
INSERT INTO `shop_city` VALUES ('3328', '文县', '347');
INSERT INTO `shop_city` VALUES ('3329', '宕昌县', '347');
INSERT INTO `shop_city` VALUES ('3330', '康县', '347');
INSERT INTO `shop_city` VALUES ('3331', '西和县', '347');
INSERT INTO `shop_city` VALUES ('3332', '礼县', '347');
INSERT INTO `shop_city` VALUES ('3333', '徽县', '347');
INSERT INTO `shop_city` VALUES ('3334', '两当县', '347');
INSERT INTO `shop_city` VALUES ('3335', '临夏市', '348');
INSERT INTO `shop_city` VALUES ('3336', '临夏县', '348');
INSERT INTO `shop_city` VALUES ('3337', '康乐县', '348');
INSERT INTO `shop_city` VALUES ('3338', '永靖县', '348');
INSERT INTO `shop_city` VALUES ('3339', '广河县', '348');
INSERT INTO `shop_city` VALUES ('3340', '和政县', '348');
INSERT INTO `shop_city` VALUES ('3341', '东乡族自治县', '348');
INSERT INTO `shop_city` VALUES ('3342', '积石山保安族东乡族撒拉族自治县', '348');
INSERT INTO `shop_city` VALUES ('3343', '合作市', '349');
INSERT INTO `shop_city` VALUES ('3344', '临潭县', '349');
INSERT INTO `shop_city` VALUES ('3345', '卓尼县', '349');
INSERT INTO `shop_city` VALUES ('3346', '舟曲县', '349');
INSERT INTO `shop_city` VALUES ('3347', '迭部县', '349');
INSERT INTO `shop_city` VALUES ('3348', '玛曲县', '349');
INSERT INTO `shop_city` VALUES ('3349', '碌曲县', '349');
INSERT INTO `shop_city` VALUES ('3350', '夏河县', '349');
INSERT INTO `shop_city` VALUES ('3351', '市辖区', '350');
INSERT INTO `shop_city` VALUES ('3352', '城东区', '350');
INSERT INTO `shop_city` VALUES ('3353', '城中区', '350');
INSERT INTO `shop_city` VALUES ('3354', '城西区', '350');
INSERT INTO `shop_city` VALUES ('3355', '城北区', '350');
INSERT INTO `shop_city` VALUES ('3356', '大通回族土族自治县', '350');
INSERT INTO `shop_city` VALUES ('3357', '湟中县', '350');
INSERT INTO `shop_city` VALUES ('3358', '湟源县', '350');
INSERT INTO `shop_city` VALUES ('3359', '平安县', '351');
INSERT INTO `shop_city` VALUES ('3360', '民和回族土族自治县', '351');
INSERT INTO `shop_city` VALUES ('3361', '乐都县', '351');
INSERT INTO `shop_city` VALUES ('3362', '互助土族自治县', '351');
INSERT INTO `shop_city` VALUES ('3363', '化隆回族自治县', '351');
INSERT INTO `shop_city` VALUES ('3364', '循化撒拉族自治县', '351');
INSERT INTO `shop_city` VALUES ('3365', '门源回族自治县', '352');
INSERT INTO `shop_city` VALUES ('3366', '祁连县', '352');
INSERT INTO `shop_city` VALUES ('3367', '海晏县', '352');
INSERT INTO `shop_city` VALUES ('3368', '刚察县', '352');
INSERT INTO `shop_city` VALUES ('3369', '同仁县', '353');
INSERT INTO `shop_city` VALUES ('3370', '尖扎县', '353');
INSERT INTO `shop_city` VALUES ('3371', '泽库县', '353');
INSERT INTO `shop_city` VALUES ('3372', '河南蒙古族自治县', '353');
INSERT INTO `shop_city` VALUES ('3373', '共和县', '354');
INSERT INTO `shop_city` VALUES ('3374', '同德县', '354');
INSERT INTO `shop_city` VALUES ('3375', '贵德县', '354');
INSERT INTO `shop_city` VALUES ('3376', '兴海县', '354');
INSERT INTO `shop_city` VALUES ('3377', '贵南县', '354');
INSERT INTO `shop_city` VALUES ('3378', '玛沁县', '355');
INSERT INTO `shop_city` VALUES ('3379', '班玛县', '355');
INSERT INTO `shop_city` VALUES ('3380', '甘德县', '355');
INSERT INTO `shop_city` VALUES ('3381', '达日县', '355');
INSERT INTO `shop_city` VALUES ('3382', '久治县', '355');
INSERT INTO `shop_city` VALUES ('3383', '玛多县', '355');
INSERT INTO `shop_city` VALUES ('3384', '玉树县', '356');
INSERT INTO `shop_city` VALUES ('3385', '杂多县', '356');
INSERT INTO `shop_city` VALUES ('3386', '称多县', '356');
INSERT INTO `shop_city` VALUES ('3387', '治多县', '356');
INSERT INTO `shop_city` VALUES ('3388', '囊谦县', '356');
INSERT INTO `shop_city` VALUES ('3389', '曲麻莱县', '356');
INSERT INTO `shop_city` VALUES ('3390', '格尔木市', '357');
INSERT INTO `shop_city` VALUES ('3391', '德令哈市', '357');
INSERT INTO `shop_city` VALUES ('3392', '乌兰县', '357');
INSERT INTO `shop_city` VALUES ('3393', '都兰县', '357');
INSERT INTO `shop_city` VALUES ('3394', '天峻县', '357');
INSERT INTO `shop_city` VALUES ('3395', '市辖区', '358');
INSERT INTO `shop_city` VALUES ('3396', '兴庆区', '358');
INSERT INTO `shop_city` VALUES ('3397', '西夏区', '358');
INSERT INTO `shop_city` VALUES ('3398', '金凤区', '358');
INSERT INTO `shop_city` VALUES ('3399', '永宁县', '358');
INSERT INTO `shop_city` VALUES ('3400', '贺兰县', '358');
INSERT INTO `shop_city` VALUES ('3401', '灵武市', '358');
INSERT INTO `shop_city` VALUES ('3402', '市辖区', '359');
INSERT INTO `shop_city` VALUES ('3403', '大武口区', '359');
INSERT INTO `shop_city` VALUES ('3404', '惠农区', '359');
INSERT INTO `shop_city` VALUES ('3405', '平罗县', '359');
INSERT INTO `shop_city` VALUES ('3406', '市辖区', '360');
INSERT INTO `shop_city` VALUES ('3407', '利通区', '360');
INSERT INTO `shop_city` VALUES ('3408', '盐池县', '360');
INSERT INTO `shop_city` VALUES ('3409', '同心县', '360');
INSERT INTO `shop_city` VALUES ('3410', '青铜峡市', '360');
INSERT INTO `shop_city` VALUES ('3411', '市辖区', '361');
INSERT INTO `shop_city` VALUES ('3412', '原州区', '361');
INSERT INTO `shop_city` VALUES ('3413', '西吉县', '361');
INSERT INTO `shop_city` VALUES ('3414', '隆德县', '361');
INSERT INTO `shop_city` VALUES ('3415', '泾源县', '361');
INSERT INTO `shop_city` VALUES ('3416', '彭阳县', '361');
INSERT INTO `shop_city` VALUES ('3417', '市辖区', '362');
INSERT INTO `shop_city` VALUES ('3418', '沙坡头区', '362');
INSERT INTO `shop_city` VALUES ('3419', '中宁县', '362');
INSERT INTO `shop_city` VALUES ('3420', '海原县', '362');
INSERT INTO `shop_city` VALUES ('3421', '市辖区', '363');
INSERT INTO `shop_city` VALUES ('3422', '天山区', '363');
INSERT INTO `shop_city` VALUES ('3423', '沙依巴克区', '363');
INSERT INTO `shop_city` VALUES ('3424', '新市区', '363');
INSERT INTO `shop_city` VALUES ('3425', '水磨沟区', '363');
INSERT INTO `shop_city` VALUES ('3426', '头屯河区', '363');
INSERT INTO `shop_city` VALUES ('3427', '达坂城区', '363');
INSERT INTO `shop_city` VALUES ('3428', '米东区', '363');
INSERT INTO `shop_city` VALUES ('3429', '乌鲁木齐县', '363');
INSERT INTO `shop_city` VALUES ('3430', '市辖区', '364');
INSERT INTO `shop_city` VALUES ('3431', '独山子区', '364');
INSERT INTO `shop_city` VALUES ('3432', '克拉玛依区', '364');
INSERT INTO `shop_city` VALUES ('3433', '白碱滩区', '364');
INSERT INTO `shop_city` VALUES ('3434', '乌尔禾区', '364');
INSERT INTO `shop_city` VALUES ('3435', '吐鲁番市', '365');
INSERT INTO `shop_city` VALUES ('3436', '鄯善县', '365');
INSERT INTO `shop_city` VALUES ('3437', '托克逊县', '365');
INSERT INTO `shop_city` VALUES ('3438', '哈密市', '366');
INSERT INTO `shop_city` VALUES ('3439', '巴里坤哈萨克自治县', '366');
INSERT INTO `shop_city` VALUES ('3440', '伊吾县', '366');
INSERT INTO `shop_city` VALUES ('3441', '昌吉市', '367');
INSERT INTO `shop_city` VALUES ('3442', '阜康市', '367');
INSERT INTO `shop_city` VALUES ('3444', '呼图壁县', '367');
INSERT INTO `shop_city` VALUES ('3445', '玛纳斯县', '367');
INSERT INTO `shop_city` VALUES ('3446', '奇台县', '367');
INSERT INTO `shop_city` VALUES ('3447', '吉木萨尔县', '367');
INSERT INTO `shop_city` VALUES ('3448', '木垒哈萨克自治县', '367');
INSERT INTO `shop_city` VALUES ('3449', '博乐市', '368');
INSERT INTO `shop_city` VALUES ('3450', '精河县', '368');
INSERT INTO `shop_city` VALUES ('3451', '温泉县', '368');
INSERT INTO `shop_city` VALUES ('3452', '库尔勒市', '369');
INSERT INTO `shop_city` VALUES ('3453', '轮台县', '369');
INSERT INTO `shop_city` VALUES ('3454', '尉犁县', '369');
INSERT INTO `shop_city` VALUES ('3455', '若羌县', '369');
INSERT INTO `shop_city` VALUES ('3456', '且末县', '369');
INSERT INTO `shop_city` VALUES ('3457', '焉耆回族自治县', '369');
INSERT INTO `shop_city` VALUES ('3458', '和静县', '369');
INSERT INTO `shop_city` VALUES ('3459', '和硕县', '369');
INSERT INTO `shop_city` VALUES ('3460', '博湖县', '369');
INSERT INTO `shop_city` VALUES ('3461', '阿克苏市', '370');
INSERT INTO `shop_city` VALUES ('3462', '温宿县', '370');
INSERT INTO `shop_city` VALUES ('3463', '库车县', '370');
INSERT INTO `shop_city` VALUES ('3464', '沙雅县', '370');
INSERT INTO `shop_city` VALUES ('3465', '新和县', '370');
INSERT INTO `shop_city` VALUES ('3466', '拜城县', '370');
INSERT INTO `shop_city` VALUES ('3467', '乌什县', '370');
INSERT INTO `shop_city` VALUES ('3468', '阿瓦提县', '370');
INSERT INTO `shop_city` VALUES ('3469', '柯坪县', '370');
INSERT INTO `shop_city` VALUES ('3470', '阿图什市', '371');
INSERT INTO `shop_city` VALUES ('3471', '阿克陶县', '371');
INSERT INTO `shop_city` VALUES ('3472', '阿合奇县', '371');
INSERT INTO `shop_city` VALUES ('3473', '乌恰县', '371');
INSERT INTO `shop_city` VALUES ('3474', '喀什市', '372');
INSERT INTO `shop_city` VALUES ('3475', '疏附县', '372');
INSERT INTO `shop_city` VALUES ('3476', '疏勒县', '372');
INSERT INTO `shop_city` VALUES ('3477', '英吉沙县', '372');
INSERT INTO `shop_city` VALUES ('3478', '泽普县', '372');
INSERT INTO `shop_city` VALUES ('3479', '莎车县', '372');
INSERT INTO `shop_city` VALUES ('3480', '叶城县', '372');
INSERT INTO `shop_city` VALUES ('3481', '麦盖提县', '372');
INSERT INTO `shop_city` VALUES ('3482', '岳普湖县', '372');
INSERT INTO `shop_city` VALUES ('3483', '伽师县', '372');
INSERT INTO `shop_city` VALUES ('3484', '巴楚县', '372');
INSERT INTO `shop_city` VALUES ('3485', '塔什库尔干塔吉克自治县', '372');
INSERT INTO `shop_city` VALUES ('3486', '和田市', '373');
INSERT INTO `shop_city` VALUES ('3487', '和田县', '373');
INSERT INTO `shop_city` VALUES ('3488', '墨玉县', '373');
INSERT INTO `shop_city` VALUES ('3489', '皮山县', '373');
INSERT INTO `shop_city` VALUES ('3490', '洛浦县', '373');
INSERT INTO `shop_city` VALUES ('3491', '策勒县', '373');
INSERT INTO `shop_city` VALUES ('3492', '于田县', '373');
INSERT INTO `shop_city` VALUES ('3493', '民丰县', '373');
INSERT INTO `shop_city` VALUES ('3494', '伊宁市', '374');
INSERT INTO `shop_city` VALUES ('3495', '奎屯市', '374');
INSERT INTO `shop_city` VALUES ('3496', '伊宁县', '374');
INSERT INTO `shop_city` VALUES ('3497', '察布查尔锡伯自治县', '374');
INSERT INTO `shop_city` VALUES ('3498', '霍城县', '374');
INSERT INTO `shop_city` VALUES ('3499', '巩留县', '374');
INSERT INTO `shop_city` VALUES ('3500', '新源县', '374');
INSERT INTO `shop_city` VALUES ('3501', '昭苏县', '374');
INSERT INTO `shop_city` VALUES ('3502', '特克斯县', '374');
INSERT INTO `shop_city` VALUES ('3503', '尼勒克县', '374');
INSERT INTO `shop_city` VALUES ('3504', '塔城市', '375');
INSERT INTO `shop_city` VALUES ('3505', '乌苏市', '375');
INSERT INTO `shop_city` VALUES ('3506', '额敏县', '375');
INSERT INTO `shop_city` VALUES ('3507', '沙湾县', '375');
INSERT INTO `shop_city` VALUES ('3508', '托里县', '375');
INSERT INTO `shop_city` VALUES ('3509', '裕民县', '375');
INSERT INTO `shop_city` VALUES ('3510', '和布克赛尔蒙古自治县', '375');
INSERT INTO `shop_city` VALUES ('3511', '阿勒泰市', '376');
INSERT INTO `shop_city` VALUES ('3512', '布尔津县', '376');
INSERT INTO `shop_city` VALUES ('3513', '富蕴县', '376');
INSERT INTO `shop_city` VALUES ('3514', '福海县', '376');
INSERT INTO `shop_city` VALUES ('3515', '哈巴河县', '376');
INSERT INTO `shop_city` VALUES ('3516', '青河县', '376');
INSERT INTO `shop_city` VALUES ('3517', '吉木乃县', '376');
INSERT INTO `shop_city` VALUES ('3518', '石河子市', '377');
INSERT INTO `shop_city` VALUES ('3519', '阿拉尔市', '377');
INSERT INTO `shop_city` VALUES ('3520', '图木舒克市', '377');
INSERT INTO `shop_city` VALUES ('3521', '五家渠市', '377');
INSERT INTO `shop_city` VALUES ('4000', '麦积区', '340');
INSERT INTO `shop_city` VALUES ('4001', '江津区', '270');
INSERT INTO `shop_city` VALUES ('4002', '合川区', '270');
INSERT INTO `shop_city` VALUES ('4003', '永川区', '270');
INSERT INTO `shop_city` VALUES ('4004', '南川区', '270');
INSERT INTO `shop_city` VALUES ('4006', '芜湖县', '1412');
INSERT INTO `shop_city` VALUES ('4100', '加格达奇区', '106');
INSERT INTO `shop_city` VALUES ('4101', '松岭区', '106');
INSERT INTO `shop_city` VALUES ('4102', '新林区', '106');
INSERT INTO `shop_city` VALUES ('4103', '呼中区', '106');
INSERT INTO `shop_city` VALUES ('4200', '南湖区', '125');
INSERT INTO `shop_city` VALUES ('4300', '共青城市', '162');
INSERT INTO `shop_city` VALUES ('4400', '红寺堡区', '360');
INSERT INTO `shop_city` VALUES ('4500', '瓜州县', '344');
INSERT INTO `shop_city` VALUES ('4600', '随县', '215');
INSERT INTO `shop_city` VALUES ('4700', '零陵区', '228');
INSERT INTO `shop_city` VALUES ('4800', '平桂管理区', '263');
INSERT INTO `shop_city` VALUES ('4900', '利州区', '279');
INSERT INTO `shop_city` VALUES ('5000', '华蓥市', '286');

-- ----------------------------
-- Table structure for shop_dimensional
-- ----------------------------
DROP TABLE IF EXISTS `shop_dimensional`;
CREATE TABLE `shop_dimensional` (
  `id` int(11) unsigned NOT NULL AUTO_INCREMENT,
  `Dimensional` varchar(255) NOT NULL COMMENT '尺寸单位',
  PRIMARY KEY (`id`)
) ENGINE=InnoDB AUTO_INCREMENT=6 DEFAULT CHARSET=utf32;

-- ----------------------------
-- Records of shop_dimensional
-- ----------------------------
INSERT INTO `shop_dimensional` VALUES ('1', '厘米');
INSERT INTO `shop_dimensional` VALUES ('2', '毫米');
INSERT INTO `shop_dimensional` VALUES ('3', '米');
INSERT INTO `shop_dimensional` VALUES ('4', '千米');
INSERT INTO `shop_dimensional` VALUES ('5', '英尺');

-- ----------------------------
-- Table structure for shop_invertory
-- ----------------------------
DROP TABLE IF EXISTS `shop_invertory`;
CREATE TABLE `shop_invertory` (
  `id` int(11) unsigned NOT NULL AUTO_INCREMENT,
  `inventory_unit` varchar(255) NOT NULL COMMENT '库存单位',
  PRIMARY KEY (`id`)
) ENGINE=InnoDB AUTO_INCREMENT=8 DEFAULT CHARSET=utf32;

-- ----------------------------
-- Records of shop_invertory
-- ----------------------------
INSERT INTO `shop_invertory` VALUES ('1', '只');
INSERT INTO `shop_invertory` VALUES ('2', '条');
INSERT INTO `shop_invertory` VALUES ('3', '件');
INSERT INTO `shop_invertory` VALUES ('4', '个');
INSERT INTO `shop_invertory` VALUES ('5', '吨');
INSERT INTO `shop_invertory` VALUES ('6', '米');
INSERT INTO `shop_invertory` VALUES ('7', '本');

-- ----------------------------
-- Table structure for shop_order
-- ----------------------------
DROP TABLE IF EXISTS `shop_order`;
CREATE TABLE `shop_order` (
  `id` int(11) NOT NULL AUTO_INCREMENT,
  `user_id` int(11) NOT NULL,
  `address_id` int(11) NOT NULL,
  PRIMARY KEY (`id`)
) ENGINE=InnoDB AUTO_INCREMENT=13 DEFAULT CHARSET=utf8;

-- ----------------------------
-- Records of shop_order
-- ----------------------------
INSERT INTO `shop_order` VALUES ('1', '6', '2');
INSERT INTO `shop_order` VALUES ('2', '6', '2');
INSERT INTO `shop_order` VALUES ('3', '6', '2');
INSERT INTO `shop_order` VALUES ('4', '6', '2');
INSERT INTO `shop_order` VALUES ('5', '6', '1');
INSERT INTO `shop_order` VALUES ('6', '6', '1');
INSERT INTO `shop_order` VALUES ('11', '6', '0');
INSERT INTO `shop_order` VALUES ('12', '6', '0');

-- ----------------------------
-- Table structure for shop_order_product
-- ----------------------------
DROP TABLE IF EXISTS `shop_order_product`;
CREATE TABLE `shop_order_product` (
  `id` int(10) unsigned NOT NULL AUTO_INCREMENT,
  `order_id` int(11) NOT NULL,
  `product_id` int(11) NOT NULL,
  `num` int(11) NOT NULL,
  `product_info` text,
  `price` int(11) NOT NULL,
  PRIMARY KEY (`id`)
) ENGINE=InnoDB AUTO_INCREMENT=21 DEFAULT CHARSET=utf8;

-- ----------------------------
-- Records of shop_order_product
-- ----------------------------
INSERT INTO `shop_order_product` VALUES ('1', '1', '11', '6', '{\"id\":11,\"title\":\"PHP\\u5165\\u95e8\\u5230\\u653e\\u5f03\",\"upc\":\"5a711cc42af22\",\"image\":\"20180228\\/bbc24ab408bac11080c4f12891413233.jpg\",\"image_thumb\":\"20180228\\/thumb_bbc24ab408bac11080c4f12891413233.jpg\",\"quantity\":988,\"sku_id\":0,\"stock_status_id\":0,\"is_subtract\":1,\"minimum\":1,\"price\":\"10.00\",\"price_origin\":\"0.00\",\"is_shipping\":1,\"date_available\":\"2018-01-31 09:32:00\",\"length\":0,\"width\":0,\"height\":0,\"length_unit_id\":0,\"weight\":0,\"weight_unit_id\":0,\"is_sale\":1,\"description\":\"<p>xxx<\\/p>\\r\\n\",\"brand_id\":0,\"category_id\":0,\"attribute_group_id\":0,\"group_id\":3,\"static_url\":\"\",\"admin_id\":1,\"meta_title\":\"\",\"meta_keywords\":\"\",\"meta_description\":\"\",\"sort\":0,\"delete_time\":null,\"create_time\":1517362372,\"update_time\":1517382422}', '0');
INSERT INTO `shop_order_product` VALUES ('2', '1', '10', '11', '{\"id\":10,\"title\":\"\\u6b66\\u6797\\u5916\\u4f20\",\"upc\":\"5a7116d45c0a9\",\"image\":\"20180228\\/6e0efaa8b39fea5b5f5ffd8dd45a4a8f.jpg\",\"image_thumb\":\"20180228\\/thumb_6e0efaa8b39fea5b5f5ffd8dd45a4a8f.jpg\",\"quantity\":494,\"sku_id\":0,\"stock_status_id\":0,\"is_subtract\":1,\"minimum\":1,\"price\":\"20.00\",\"price_origin\":\"0.00\",\"is_shipping\":1,\"date_available\":\"2018-01-31 09:05:00\",\"length\":0,\"width\":0,\"height\":0,\"length_unit_id\":0,\"weight\":0,\"weight_unit_id\":0,\"is_sale\":1,\"description\":\"<p>xxx<\\/p>\",\"brand_id\":1,\"category_id\":3,\"attribute_group_id\":0,\"group_id\":0,\"static_url\":\"\",\"admin_id\":1,\"meta_title\":\"\",\"meta_keywords\":\"\",\"meta_description\":\"\",\"sort\":0,\"delete_time\":null,\"create_time\":1517360852,\"update_time\":1519787005}', '0');
INSERT INTO `shop_order_product` VALUES ('3', '1', '12', '11', '{\"id\":12,\"title\":\"PHP\\u5165\\u95e8\\u5230\\u653e\\u5f03-\\u62f7\\u8d1d\",\"upc\":\"5a716c4799cf2\",\"image\":\"20180228\\/bbc24ab408bac11080c4f12891413233.jpg\",\"image_thumb\":\"20180228\\/thumb_bbc24ab408bac11080c4f12891413233.jpg\",\"quantity\":1111,\"sku_id\":0,\"stock_status_id\":0,\"is_subtract\":1,\"minimum\":1,\"price\":\"10.00\",\"price_origin\":\"0.00\",\"is_shipping\":1,\"date_available\":\"2018-01-31 09:32:00\",\"length\":0,\"width\":0,\"height\":0,\"length_unit_id\":0,\"weight\":0,\"weight_unit_id\":0,\"is_sale\":1,\"description\":\"<p>xxx<\\/p>\",\"brand_id\":0,\"category_id\":0,\"attribute_group_id\":0,\"group_id\":3,\"static_url\":\"\",\"admin_id\":1,\"meta_title\":\"\",\"meta_keywords\":\"\",\"meta_description\":\"\",\"sort\":0,\"delete_time\":null,\"create_time\":1517382727,\"update_time\":1519786971}', '0');
INSERT INTO `shop_order_product` VALUES ('4', '2', '11', '6', '{\"id\":11,\"title\":\"PHP\\u5165\\u95e8\\u5230\\u653e\\u5f03\",\"upc\":\"5a711cc42af22\",\"image\":\"20180228\\/bbc24ab408bac11080c4f12891413233.jpg\",\"image_thumb\":\"20180228\\/thumb_bbc24ab408bac11080c4f12891413233.jpg\",\"quantity\":988,\"sku_id\":0,\"stock_status_id\":0,\"is_subtract\":1,\"minimum\":1,\"price\":\"10.00\",\"price_origin\":\"0.00\",\"is_shipping\":1,\"date_available\":\"2018-01-31 09:32:00\",\"length\":0,\"width\":0,\"height\":0,\"length_unit_id\":0,\"weight\":0,\"weight_unit_id\":0,\"is_sale\":1,\"description\":\"<p>xxx<\\/p>\\r\\n\",\"brand_id\":0,\"category_id\":0,\"attribute_group_id\":0,\"group_id\":3,\"static_url\":\"\",\"admin_id\":1,\"meta_title\":\"\",\"meta_keywords\":\"\",\"meta_description\":\"\",\"sort\":0,\"delete_time\":null,\"create_time\":1517362372,\"update_time\":1517382422}', '0');
INSERT INTO `shop_order_product` VALUES ('5', '2', '10', '11', '{\"id\":10,\"title\":\"\\u6b66\\u6797\\u5916\\u4f20\",\"upc\":\"5a7116d45c0a9\",\"image\":\"20180228\\/6e0efaa8b39fea5b5f5ffd8dd45a4a8f.jpg\",\"image_thumb\":\"20180228\\/thumb_6e0efaa8b39fea5b5f5ffd8dd45a4a8f.jpg\",\"quantity\":494,\"sku_id\":0,\"stock_status_id\":0,\"is_subtract\":1,\"minimum\":1,\"price\":\"20.00\",\"price_origin\":\"0.00\",\"is_shipping\":1,\"date_available\":\"2018-01-31 09:05:00\",\"length\":0,\"width\":0,\"height\":0,\"length_unit_id\":0,\"weight\":0,\"weight_unit_id\":0,\"is_sale\":1,\"description\":\"<p>xxx<\\/p>\",\"brand_id\":1,\"category_id\":3,\"attribute_group_id\":0,\"group_id\":0,\"static_url\":\"\",\"admin_id\":1,\"meta_title\":\"\",\"meta_keywords\":\"\",\"meta_description\":\"\",\"sort\":0,\"delete_time\":null,\"create_time\":1517360852,\"update_time\":1519787005}', '0');
INSERT INTO `shop_order_product` VALUES ('6', '2', '12', '11', '{\"id\":12,\"title\":\"PHP\\u5165\\u95e8\\u5230\\u653e\\u5f03-\\u62f7\\u8d1d\",\"upc\":\"5a716c4799cf2\",\"image\":\"20180228\\/bbc24ab408bac11080c4f12891413233.jpg\",\"image_thumb\":\"20180228\\/thumb_bbc24ab408bac11080c4f12891413233.jpg\",\"quantity\":1111,\"sku_id\":0,\"stock_status_id\":0,\"is_subtract\":1,\"minimum\":1,\"price\":\"10.00\",\"price_origin\":\"0.00\",\"is_shipping\":1,\"date_available\":\"2018-01-31 09:32:00\",\"length\":0,\"width\":0,\"height\":0,\"length_unit_id\":0,\"weight\":0,\"weight_unit_id\":0,\"is_sale\":1,\"description\":\"<p>xxx<\\/p>\",\"brand_id\":0,\"category_id\":0,\"attribute_group_id\":0,\"group_id\":3,\"static_url\":\"\",\"admin_id\":1,\"meta_title\":\"\",\"meta_keywords\":\"\",\"meta_description\":\"\",\"sort\":0,\"delete_time\":null,\"create_time\":1517382727,\"update_time\":1519786971}', '0');
INSERT INTO `shop_order_product` VALUES ('7', '3', '11', '6', '{\"id\":11,\"title\":\"PHP\\u5165\\u95e8\\u5230\\u653e\\u5f03\",\"upc\":\"5a711cc42af22\",\"image\":\"20180228\\/bbc24ab408bac11080c4f12891413233.jpg\",\"image_thumb\":\"20180228\\/thumb_bbc24ab408bac11080c4f12891413233.jpg\",\"quantity\":988,\"sku_id\":0,\"stock_status_id\":0,\"is_subtract\":1,\"minimum\":1,\"price\":\"10.00\",\"price_origin\":\"0.00\",\"is_shipping\":1,\"date_available\":\"2018-01-31 09:32:00\",\"length\":0,\"width\":0,\"height\":0,\"length_unit_id\":0,\"weight\":0,\"weight_unit_id\":0,\"is_sale\":1,\"description\":\"<p>xxx<\\/p>\\r\\n\",\"brand_id\":0,\"category_id\":0,\"attribute_group_id\":0,\"group_id\":3,\"static_url\":\"\",\"admin_id\":1,\"meta_title\":\"\",\"meta_keywords\":\"\",\"meta_description\":\"\",\"sort\":0,\"delete_time\":null,\"create_time\":1517362372,\"update_time\":1517382422}', '0');
INSERT INTO `shop_order_product` VALUES ('8', '3', '10', '11', '{\"id\":10,\"title\":\"\\u6b66\\u6797\\u5916\\u4f20\",\"upc\":\"5a7116d45c0a9\",\"image\":\"20180228\\/6e0efaa8b39fea5b5f5ffd8dd45a4a8f.jpg\",\"image_thumb\":\"20180228\\/thumb_6e0efaa8b39fea5b5f5ffd8dd45a4a8f.jpg\",\"quantity\":494,\"sku_id\":0,\"stock_status_id\":0,\"is_subtract\":1,\"minimum\":1,\"price\":\"20.00\",\"price_origin\":\"0.00\",\"is_shipping\":1,\"date_available\":\"2018-01-31 09:05:00\",\"length\":0,\"width\":0,\"height\":0,\"length_unit_id\":0,\"weight\":0,\"weight_unit_id\":0,\"is_sale\":1,\"description\":\"<p>xxx<\\/p>\",\"brand_id\":1,\"category_id\":3,\"attribute_group_id\":0,\"group_id\":0,\"static_url\":\"\",\"admin_id\":1,\"meta_title\":\"\",\"meta_keywords\":\"\",\"meta_description\":\"\",\"sort\":0,\"delete_time\":null,\"create_time\":1517360852,\"update_time\":1519787005}', '0');
INSERT INTO `shop_order_product` VALUES ('9', '3', '12', '11', '{\"id\":12,\"title\":\"PHP\\u5165\\u95e8\\u5230\\u653e\\u5f03-\\u62f7\\u8d1d\",\"upc\":\"5a716c4799cf2\",\"image\":\"20180228\\/bbc24ab408bac11080c4f12891413233.jpg\",\"image_thumb\":\"20180228\\/thumb_bbc24ab408bac11080c4f12891413233.jpg\",\"quantity\":1111,\"sku_id\":0,\"stock_status_id\":0,\"is_subtract\":1,\"minimum\":1,\"price\":\"10.00\",\"price_origin\":\"0.00\",\"is_shipping\":1,\"date_available\":\"2018-01-31 09:32:00\",\"length\":0,\"width\":0,\"height\":0,\"length_unit_id\":0,\"weight\":0,\"weight_unit_id\":0,\"is_sale\":1,\"description\":\"<p>xxx<\\/p>\",\"brand_id\":0,\"category_id\":0,\"attribute_group_id\":0,\"group_id\":3,\"static_url\":\"\",\"admin_id\":1,\"meta_title\":\"\",\"meta_keywords\":\"\",\"meta_description\":\"\",\"sort\":0,\"delete_time\":null,\"create_time\":1517382727,\"update_time\":1519786971}', '0');
INSERT INTO `shop_order_product` VALUES ('10', '4', '11', '6', '{\"id\":11,\"title\":\"PHP\\u5165\\u95e8\\u5230\\u653e\\u5f03\",\"upc\":\"5a711cc42af22\",\"image\":\"20180228\\/bbc24ab408bac11080c4f12891413233.jpg\",\"image_thumb\":\"20180228\\/thumb_bbc24ab408bac11080c4f12891413233.jpg\",\"quantity\":988,\"sku_id\":0,\"stock_status_id\":0,\"is_subtract\":1,\"minimum\":1,\"price\":\"10.00\",\"price_origin\":\"0.00\",\"is_shipping\":1,\"date_available\":\"2018-01-31 09:32:00\",\"length\":0,\"width\":0,\"height\":0,\"length_unit_id\":0,\"weight\":0,\"weight_unit_id\":0,\"is_sale\":1,\"description\":\"<p>xxx<\\/p>\\r\\n\",\"brand_id\":0,\"category_id\":0,\"attribute_group_id\":0,\"group_id\":3,\"static_url\":\"\",\"admin_id\":1,\"meta_title\":\"\",\"meta_keywords\":\"\",\"meta_description\":\"\",\"sort\":0,\"delete_time\":null,\"create_time\":1517362372,\"update_time\":1517382422}', '0');
INSERT INTO `shop_order_product` VALUES ('11', '4', '10', '11', '{\"id\":10,\"title\":\"\\u6b66\\u6797\\u5916\\u4f20\",\"upc\":\"5a7116d45c0a9\",\"image\":\"20180228\\/6e0efaa8b39fea5b5f5ffd8dd45a4a8f.jpg\",\"image_thumb\":\"20180228\\/thumb_6e0efaa8b39fea5b5f5ffd8dd45a4a8f.jpg\",\"quantity\":494,\"sku_id\":0,\"stock_status_id\":0,\"is_subtract\":1,\"minimum\":1,\"price\":\"20.00\",\"price_origin\":\"0.00\",\"is_shipping\":1,\"date_available\":\"2018-01-31 09:05:00\",\"length\":0,\"width\":0,\"height\":0,\"length_unit_id\":0,\"weight\":0,\"weight_unit_id\":0,\"is_sale\":1,\"description\":\"<p>xxx<\\/p>\",\"brand_id\":1,\"category_id\":3,\"attribute_group_id\":0,\"group_id\":0,\"static_url\":\"\",\"admin_id\":1,\"meta_title\":\"\",\"meta_keywords\":\"\",\"meta_description\":\"\",\"sort\":0,\"delete_time\":null,\"create_time\":1517360852,\"update_time\":1519787005}', '0');
INSERT INTO `shop_order_product` VALUES ('12', '4', '12', '11', '{\"id\":12,\"title\":\"PHP\\u5165\\u95e8\\u5230\\u653e\\u5f03-\\u62f7\\u8d1d\",\"upc\":\"5a716c4799cf2\",\"image\":\"20180228\\/bbc24ab408bac11080c4f12891413233.jpg\",\"image_thumb\":\"20180228\\/thumb_bbc24ab408bac11080c4f12891413233.jpg\",\"quantity\":1111,\"sku_id\":0,\"stock_status_id\":0,\"is_subtract\":1,\"minimum\":1,\"price\":\"10.00\",\"price_origin\":\"0.00\",\"is_shipping\":1,\"date_available\":\"2018-01-31 09:32:00\",\"length\":0,\"width\":0,\"height\":0,\"length_unit_id\":0,\"weight\":0,\"weight_unit_id\":0,\"is_sale\":1,\"description\":\"<p>xxx<\\/p>\",\"brand_id\":0,\"category_id\":0,\"attribute_group_id\":0,\"group_id\":3,\"static_url\":\"\",\"admin_id\":1,\"meta_title\":\"\",\"meta_keywords\":\"\",\"meta_description\":\"\",\"sort\":0,\"delete_time\":null,\"create_time\":1517382727,\"update_time\":1519786971}', '0');
INSERT INTO `shop_order_product` VALUES ('13', '5', '13', '5', '{\"id\":13,\"title\":\"\\u4e5d\\u9634\\u771f\\u7ecf\",\"upc\":\"adsfsaf\",\"image\":\"\\u80cc\\u666f3.JPG\",\"image_thumb\":\"thumb\\\\1523184329.JPG\",\"quantity\":333,\"sku_id\":7,\"stock_status_id\":1,\"is_subtract\":1,\"minimum\":2,\"price\":\"23.00\",\"price_origin\":\"22.00\",\"is_shipping\":1,\"date_available\":\"2018-04-13 22:01:00\",\"length\":230,\"width\":340,\"height\":43,\"length_unit_id\":1,\"weight\":234,\"weight_unit_id\":4,\"is_sale\":1,\"description\":null,\"brand_id\":0,\"category_id\":0,\"attribute_group_id\":0,\"group_id\":1,\"static_url\":\"\",\"admin_id\":0,\"meta_title\":\"\\u6253\\u53d1\\u6253\\u53d1\",\"meta_keywords\":\"\",\"meta_description\":\"\\u6253\\u53d1\\u6253\\u53d1\",\"sort\":5,\"delete_time\":null,\"create_time\":1523184400,\"update_time\":1523184400}', '0');
INSERT INTO `shop_order_product` VALUES ('14', '5', '12', '1', '{\"id\":12,\"title\":\"PHP\\u5165\\u95e8\\u5230\\u653e\\u5f03-\\u62f7\\u8d1d\",\"upc\":\"5a716c4799cf2fdf\",\"image\":\"20180326\\/41e1e00df0389c93c09dc9e4bc152b27.jpg\",\"image_thumb\":\"thumb\\\\1523184329.JPG\",\"quantity\":1111,\"sku_id\":3,\"stock_status_id\":4,\"is_subtract\":1,\"minimum\":1,\"price\":\"133.00\",\"price_origin\":\"0.00\",\"is_shipping\":1,\"date_available\":\"2018-01-31 09:32:00\",\"length\":25,\"width\":657,\"height\":34,\"length_unit_id\":2,\"weight\":2,\"weight_unit_id\":3,\"is_sale\":1,\"description\":\"<p>xxx<\\/p>\",\"brand_id\":5,\"category_id\":4,\"attribute_group_id\":0,\"group_id\":3,\"static_url\":\"\",\"admin_id\":1,\"meta_title\":\"\",\"meta_keywords\":\"\",\"meta_description\":\"\",\"sort\":0,\"delete_time\":1516775323,\"create_time\":1517382727,\"update_time\":1519786971}', '0');
INSERT INTO `shop_order_product` VALUES ('15', '6', '13', '3', '{\"id\":13,\"title\":\"\\u4e5d\\u9634\\u771f\\u7ecf\",\"upc\":\"adsfsaf\",\"image\":\"\\u80cc\\u666f3.JPG\",\"image_thumb\":\"thumb\\\\1523184329.JPG\",\"quantity\":333,\"sku_id\":7,\"stock_status_id\":1,\"is_subtract\":1,\"minimum\":2,\"price\":\"23.00\",\"price_origin\":\"22.00\",\"is_shipping\":1,\"date_available\":\"2018-04-13 22:01:00\",\"length\":230,\"width\":340,\"height\":43,\"length_unit_id\":1,\"weight\":234,\"weight_unit_id\":4,\"is_sale\":1,\"description\":null,\"brand_id\":0,\"category_id\":0,\"attribute_group_id\":0,\"group_id\":1,\"static_url\":\"\",\"admin_id\":0,\"meta_title\":\"\\u6253\\u53d1\\u6253\\u53d1\",\"meta_keywords\":\"\",\"meta_description\":\"\\u6253\\u53d1\\u6253\\u53d1\",\"sort\":5,\"delete_time\":null,\"create_time\":1523184400,\"update_time\":1523184400}', '0');
INSERT INTO `shop_order_product` VALUES ('16', '6', '12', '1', '{\"id\":12,\"title\":\"PHP\\u5165\\u95e8\\u5230\\u653e\\u5f03-\\u62f7\\u8d1d\",\"upc\":\"5a716c4799cf2fdf\",\"image\":\"20180326\\/41e1e00df0389c93c09dc9e4bc152b27.jpg\",\"image_thumb\":\"thumb\\\\1523184329.JPG\",\"quantity\":1111,\"sku_id\":3,\"stock_status_id\":4,\"is_subtract\":1,\"minimum\":1,\"price\":\"133.00\",\"price_origin\":\"0.00\",\"is_shipping\":1,\"date_available\":\"2018-01-31 09:32:00\",\"length\":25,\"width\":657,\"height\":34,\"length_unit_id\":2,\"weight\":2,\"weight_unit_id\":3,\"is_sale\":1,\"description\":\"<p>xxx<\\/p>\",\"brand_id\":5,\"category_id\":4,\"attribute_group_id\":0,\"group_id\":3,\"static_url\":\"\",\"admin_id\":1,\"meta_title\":\"\",\"meta_keywords\":\"\",\"meta_description\":\"\",\"sort\":0,\"delete_time\":1516775323,\"create_time\":1517382727,\"update_time\":1519786971}', '0');
INSERT INTO `shop_order_product` VALUES ('17', '11', '13', '1', '{\"id\":13,\"title\":\"\\u4e5d\\u9634\\u771f\\u7ecf\",\"upc\":\"adsfsaf\",\"image\":\"\\u80cc\\u666f3.JPG\",\"image_thumb\":\"thumb\\\\1523184329.JPG\",\"quantity\":333,\"sku_id\":7,\"stock_status_id\":1,\"is_subtract\":1,\"minimum\":2,\"price\":\"23.00\",\"price_origin\":\"22.00\",\"is_shipping\":1,\"date_available\":\"2018-04-13 22:01:00\",\"length\":230,\"width\":340,\"height\":43,\"length_unit_id\":1,\"weight\":234,\"weight_unit_id\":4,\"is_sale\":1,\"description\":null,\"brand_id\":0,\"category_id\":0,\"attribute_group_id\":0,\"group_id\":1,\"static_url\":\"\",\"admin_id\":0,\"meta_title\":\"\\u6253\\u53d1\\u6253\\u53d1\",\"meta_keywords\":\"\",\"meta_description\":\"\\u6253\\u53d1\\u6253\\u53d1\",\"sort\":5,\"delete_time\":null,\"create_time\":1523184400,\"update_time\":1523184400}', '0');
INSERT INTO `shop_order_product` VALUES ('18', '11', '12', '1', '{\"id\":12,\"title\":\"PHP\\u5165\\u95e8\\u5230\\u653e\\u5f03-\\u62f7\\u8d1d\",\"upc\":\"5a716c4799cf2fdf\",\"image\":\"20180326\\/41e1e00df0389c93c09dc9e4bc152b27.jpg\",\"image_thumb\":\"thumb\\\\1523184329.JPG\",\"quantity\":1111,\"sku_id\":3,\"stock_status_id\":4,\"is_subtract\":1,\"minimum\":1,\"price\":\"133.00\",\"price_origin\":\"0.00\",\"is_shipping\":1,\"date_available\":\"2018-01-31 09:32:00\",\"length\":25,\"width\":657,\"height\":34,\"length_unit_id\":2,\"weight\":2,\"weight_unit_id\":3,\"is_sale\":1,\"description\":\"<p>xxx<\\/p>\",\"brand_id\":5,\"category_id\":4,\"attribute_group_id\":0,\"group_id\":3,\"static_url\":\"\",\"admin_id\":1,\"meta_title\":\"\",\"meta_keywords\":\"\",\"meta_description\":\"\",\"sort\":0,\"delete_time\":1516775323,\"create_time\":1517382727,\"update_time\":1519786971}', '0');
INSERT INTO `shop_order_product` VALUES ('19', '12', '13', '1', '{\"id\":13,\"title\":\"\\u4e5d\\u9634\\u771f\\u7ecf\",\"upc\":\"adsfsaf\",\"image\":\"\\u80cc\\u666f3.JPG\",\"image_thumb\":\"thumb\\\\1523184329.JPG\",\"quantity\":333,\"sku_id\":7,\"stock_status_id\":1,\"is_subtract\":1,\"minimum\":2,\"price\":\"23.00\",\"price_origin\":\"22.00\",\"is_shipping\":1,\"date_available\":\"2018-04-13 22:01:00\",\"length\":230,\"width\":340,\"height\":43,\"length_unit_id\":1,\"weight\":234,\"weight_unit_id\":4,\"is_sale\":1,\"description\":null,\"brand_id\":0,\"category_id\":0,\"attribute_group_id\":0,\"group_id\":1,\"static_url\":\"\",\"admin_id\":0,\"meta_title\":\"\\u6253\\u53d1\\u6253\\u53d1\",\"meta_keywords\":\"\",\"meta_description\":\"\\u6253\\u53d1\\u6253\\u53d1\",\"sort\":5,\"delete_time\":null,\"create_time\":1523184400,\"update_time\":1523184400}', '0');
INSERT INTO `shop_order_product` VALUES ('20', '12', '12', '1', '{\"id\":12,\"title\":\"PHP\\u5165\\u95e8\\u5230\\u653e\\u5f03-\\u62f7\\u8d1d\",\"upc\":\"5a716c4799cf2fdf\",\"image\":\"20180326\\/41e1e00df0389c93c09dc9e4bc152b27.jpg\",\"image_thumb\":\"thumb\\\\1523184329.JPG\",\"quantity\":1111,\"sku_id\":3,\"stock_status_id\":4,\"is_subtract\":1,\"minimum\":1,\"price\":\"133.00\",\"price_origin\":\"0.00\",\"is_shipping\":1,\"date_available\":\"2018-01-31 09:32:00\",\"length\":25,\"width\":657,\"height\":34,\"length_unit_id\":2,\"weight\":2,\"weight_unit_id\":3,\"is_sale\":1,\"description\":\"<p>xxx<\\/p>\",\"brand_id\":5,\"category_id\":4,\"attribute_group_id\":0,\"group_id\":3,\"static_url\":\"\",\"admin_id\":1,\"meta_title\":\"\",\"meta_keywords\":\"\",\"meta_description\":\"\",\"sort\":0,\"delete_time\":1516775323,\"create_time\":1517382727,\"update_time\":1519786971}', '0');

-- ----------------------------
-- Table structure for shop_power
-- ----------------------------
DROP TABLE IF EXISTS `shop_power`;
CREATE TABLE `shop_power` (
  `id` int(11) unsigned NOT NULL AUTO_INCREMENT,
  `name` varchar(20) NOT NULL,
  `controller` varchar(20) NOT NULL,
  `action` varchar(20) NOT NULL,
  `is_show` int(1) NOT NULL DEFAULT '1' COMMENT '1-显示   2-不显示',
  `create_time` int(11) NOT NULL,
  `update_time` int(11) NOT NULL,
  `parent_id` int(11) NOT NULL,
  PRIMARY KEY (`id`)
) ENGINE=InnoDB AUTO_INCREMENT=28 DEFAULT CHARSET=utf32;

-- ----------------------------
-- Records of shop_power
-- ----------------------------
INSERT INTO `shop_power` VALUES ('1', '系统管理', 'admin', 'index', '1', '1521526357', '1521526357', '0');
INSERT INTO `shop_power` VALUES ('2', '商品管理', 'shop', 'index', '1', '1521526403', '1521526403', '0');
INSERT INTO `shop_power` VALUES ('4', '角色管理', 'role', 'index', '1', '1521526446', '1521526446', '1');
INSERT INTO `shop_power` VALUES ('5', '权限管理', 'power', 'index', '1', '1521526463', '1521526463', '0');
INSERT INTO `shop_power` VALUES ('6', '系统首页', 'index', 'index', '1', '1521526579', '1521526579', '0');
INSERT INTO `shop_power` VALUES ('7', '品牌管理', 'brand', 'index', '1', '1521526629', '1521526629', '2');
INSERT INTO `shop_power` VALUES ('9', '管理员修改', 'admin', 'edit', '2', '1521526818', '1521526818', '3');
INSERT INTO `shop_power` VALUES ('10', '管理员删除', 'admin', 'delete', '2', '1521526849', '1521526849', '3');
INSERT INTO `shop_power` VALUES ('11', '权限添加', 'power', 'add', '2', '1521526873', '1521526873', '6');
INSERT INTO `shop_power` VALUES ('12', '添加下一级', 'power', 'addchild', '2', '1521526912', '1521526912', '6');
INSERT INTO `shop_power` VALUES ('13', '品牌添加', 'brand', 'add', '1', '1521535017', '1521535017', '7');
INSERT INTO `shop_power` VALUES ('14', '管理员列表', 'admin', 'index', '2', '1521597703', '1521597703', '3');
INSERT INTO `shop_power` VALUES ('15', '角色添加', 'role', 'add', '1', '1521598471', '1521598471', '4');
INSERT INTO `shop_power` VALUES ('16', '角色修改', 'role', 'update', '1', '1521598491', '1521598491', '4');
INSERT INTO `shop_power` VALUES ('17', '角色删除', 'role', 'delete', '1', '1521598510', '1521598510', '4');
INSERT INTO `shop_power` VALUES ('18', '品牌修改', 'brand', 'update', '1', '1521598597', '1521598597', '7');
INSERT INTO `shop_power` VALUES ('19', '品牌删除', 'brand', 'delete', '1', '1521598618', '1521598618', '7');
INSERT INTO `shop_power` VALUES ('21', '分类管理', 'type', 'index', '1', '1521688472', '1521688472', '2');
INSERT INTO `shop_power` VALUES ('27', '商品管理', 'product', 'index', '1', '1521776375', '1521776375', '2');

-- ----------------------------
-- Table structure for shop_product
-- ----------------------------
DROP TABLE IF EXISTS `shop_product`;
CREATE TABLE `shop_product` (
  `id` int(10) unsigned NOT NULL AUTO_INCREMENT COMMENT 'ID',
  `title` varchar(255) NOT NULL DEFAULT '' COMMENT '名称',
  `upc` varchar(255) NOT NULL DEFAULT '' COMMENT '通用代码',
  `image` varchar(255) NOT NULL DEFAULT '' COMMENT '图像',
  `image_thumb` varchar(255) NOT NULL DEFAULT '' COMMENT '缩略图',
  `quantity` int(10) unsigned NOT NULL DEFAULT '0' COMMENT '库存',
  `sku_id` int(10) unsigned NOT NULL DEFAULT '0' COMMENT '库存单位',
  `stock_status_id` int(10) unsigned NOT NULL DEFAULT '0' COMMENT '库存状态',
  `is_subtract` tinyint(4) NOT NULL DEFAULT '0' COMMENT '扣减库存',
  `minimum` int(10) unsigned NOT NULL DEFAULT '0' COMMENT '最少起售',
  `price` decimal(10,2) NOT NULL DEFAULT '0.00' COMMENT '售价',
  `price_origin` decimal(10,2) NOT NULL DEFAULT '0.00' COMMENT '原价',
  `is_shipping` tinyint(4) NOT NULL DEFAULT '0' COMMENT '配送支持',
  `date_available` timestamp NOT NULL DEFAULT CURRENT_TIMESTAMP COMMENT '起售时间',
  `length` int(10) unsigned NOT NULL DEFAULT '0' COMMENT '长',
  `width` int(10) unsigned NOT NULL DEFAULT '0' COMMENT '宽',
  `height` int(10) unsigned NOT NULL DEFAULT '0' COMMENT '高',
  `length_unit_id` int(10) unsigned NOT NULL DEFAULT '0' COMMENT '长度单位',
  `weight` int(10) unsigned NOT NULL DEFAULT '0' COMMENT '重量',
  `weight_unit_id` int(10) unsigned NOT NULL DEFAULT '0' COMMENT '重量单位',
  `is_sale` tinyint(4) NOT NULL DEFAULT '0' COMMENT '上架',
  `description` text COMMENT '描述',
  `brand_id` int(10) unsigned NOT NULL DEFAULT '0' COMMENT '品牌',
  `category_id` int(10) unsigned NOT NULL DEFAULT '0' COMMENT '分类',
  `attribute_group_id` int(10) unsigned NOT NULL DEFAULT '0' COMMENT '属性组id',
  `group_id` int(10) unsigned NOT NULL DEFAULT '0' COMMENT '所属组',
  `static_url` varchar(255) NOT NULL DEFAULT '' COMMENT '静态URL',
  `admin_id` int(10) unsigned NOT NULL DEFAULT '0' COMMENT '创建管理员id',
  `meta_title` varchar(255) NOT NULL DEFAULT '' COMMENT 'SEO标题',
  `meta_keywords` varchar(255) NOT NULL DEFAULT '' COMMENT 'SEO关键字',
  `meta_description` varchar(1024) NOT NULL DEFAULT '' COMMENT 'SEO描述',
  `sort` int(11) NOT NULL DEFAULT '0' COMMENT '排序',
  `delete_time` int(11) DEFAULT NULL COMMENT '删除时间',
  `create_time` int(11) DEFAULT NULL COMMENT '创建时间',
  `update_time` int(11) DEFAULT NULL COMMENT '修改时间',
  PRIMARY KEY (`id`),
  UNIQUE KEY `upc` (`upc`),
  KEY `title` (`title`),
  KEY `brand_id` (`brand_id`),
  KEY `category_id` (`category_id`),
  KEY `sku_id` (`sku_id`),
  KEY `stock_status_id` (`stock_status_id`),
  KEY `length_unit_id` (`length_unit_id`),
  KEY `weight_unit_id` (`weight_unit_id`),
  KEY `sort` (`sort`),
  KEY `price` (`price`),
  KEY `quantity` (`quantity`),
  KEY `delete_time` (`delete_time`)
) ENGINE=InnoDB AUTO_INCREMENT=14 DEFAULT CHARSET=utf8 COMMENT='产品';

-- ----------------------------
-- Records of shop_product
-- ----------------------------
INSERT INTO `shop_product` VALUES ('1', '天龙八部', '5a67db4f210fa', '20180408\\666b42d5373be11c23e791fb54ad9c34.jpg', 'thumb\\1523184329.JPG', '130', '7', '5', '1', '1', '234.00', '150.00', '1', '0000-00-00 00:00:00', '23', '43', '34', '1', '34', '3', '1', '<p>好人</p>', '0', '3', '1', '1', '', '1', '', '', '', '0', '1516775323', '1516755791', '1523184284');
INSERT INTO `shop_product` VALUES ('3', '三毛流浪记', '22', '20180326/41e1e00df0389c93c09dc9e4bc152b27.jpg', 'thumb\\1523184329.JPG', '130', '3', '2', '1', '1', '34.00', '0.00', '1', '2018-01-24 14:27:00', '32', '54', '23', '3', '4', '4', '1', '<p>xxx</p>\r\n', '1', '5', '0', '0', '', '1', '', '', '', '0', '1516775323', '1516775283', '1516775323');
INSERT INTO `shop_product` VALUES ('4', 'xss安全', 'fdwasf', '20180326/41e1e00df0389c93c09dc9e4bc152b27.jpg', 'thumb\\1523184329.JPG', '130', '3', '2', '1', '1', '23.00', '0.00', '1', '2018-01-24 14:28:00', '23', '43', '34', '4', '3', '3', '2', '<p>xxx</p>\r\n', '4', '3', '0', '0', '', '1', '', '', '', '0', '1516775358', '1516775317', '1516775358');
INSERT INTO `shop_product` VALUES ('5', '射雕英雄传', 'dfsd', '20180326/41e1e00df0389c93c09dc9e4bc152b27.jpg', 'thumb\\1523184329.JPG', '50', '2', '2', '2', '1', '233.00', '0.00', '1', '2018-01-25 15:29:00', '23', '32', '534', '5', '2', '3', '1', '<p>xxx</p>\r\n', '5', '2', '1', '0', '', '1', '', '', '', '0', '1516865515', '1516865422', '1516865515');
INSERT INTO `shop_product` VALUES ('6', '射雕英雄传', 'asdfdsa', '20180326/41e1e00df0389c93c09dc9e4bc152b27.jpg', 'thumb\\1523184329.JPG', '50', '1', '1', '1', '1', '344.00', '0.00', '1', '2018-01-25 15:31:00', '23', '32', '34', '3', '5', '2', '1', '<p>xxx</p>\r\n', '3', '3', '1', '2', '', '1', '', '', '', '0', '1516775323', '1516865556', '1516865556');
INSERT INTO `shop_product` VALUES ('7', '天龙八部-拷贝', 'asdfads', '20180326/41e1e00df0389c93c09dc9e4bc152b27.jpg', 'thumb\\1523184329.JPG', '50', '1', '1', '1', '1', '5.00', '0.00', '1', '2018-01-24 08:31:00', '45', '21', '543', '2', '3', '3', '1', '<p>xxx</p>\r\n', '2', '2', '1', '1', '', '1', '', '', '', '0', '1516775323', '1516873202', '1516873205');
INSERT INTO `shop_product` VALUES ('8', '射雕英雄传-拷贝', 'asdfsd', '20180326/41e1e00df0389c93c09dc9e4bc152b27.jpg', 'thumb\\1523184329.JPG', '30', '1', '1', '2', '1', '555.00', '0.00', '1', '2018-01-25 15:31:00', '45', '21', '34', '4', '5', '3', '1', '<p>xxx</p>\r\n', '1', '5', '1', '2', '', '1', '', '', '', '0', '1516775323', '1516873350', '1516873353');
INSERT INTO `shop_product` VALUES ('9', '三星s8+', 'sdfasd', '20180326/41e1e00df0389c93c09dc9e4bc152b27.jpg', 'thumb\\1523184329.JPG', '20', '3', '3', '1', '1', '33.00', '0.00', '1', '2018-01-26 15:36:00', '65', '32', '23', '5', '3', '3', '2', '<p>xxx</p>\r\n', '3', '3', '0', '0', '', '1', '', '', '', '0', '1516775323', '1516954682', '1516954682');
INSERT INTO `shop_product` VALUES ('10', '武林外传', '5a7116d45c0a9fasdf', '20180326/41e1e00df0389c93c09dc9e4bc152b27.jpg', 'thumb\\1523184329.JPG', '494', '5', '4', '1', '1', '20.00', '0.00', '1', '2018-01-31 09:05:00', '76', '34', '132', '3', '65', '3', '1', '<p>xxx</p>', '1', '2', '0', '0', '', '1', '', '', '', '0', '1516775323', '1517360852', '1519787005');
INSERT INTO `shop_product` VALUES ('11', 'PHP入门到放弃', '5a711cc42af22fddf', '20180326/41e1e00df0389c93c09dc9e4bc152b27.jpg', 'thumb\\1523184329.JPG', '988', '3', '4', '1', '1', '10.00', '0.00', '1', '2018-01-31 09:32:00', '23', '54', '23', '2', '3', '3', '1', '<p>xxx</p>\r\n', '4', '3', '0', '3', '', '1', '', '', '', '0', '1516775323', '1517362372', '1517382422');
INSERT INTO `shop_product` VALUES ('12', 'PHP入门到放弃-拷贝', '5a716c4799cf2fdf', '20180326/41e1e00df0389c93c09dc9e4bc152b27.jpg', 'thumb\\1523184329.JPG', '1111', '3', '4', '1', '1', '133.00', '0.00', '1', '2018-01-31 09:32:00', '25', '657', '34', '2', '2', '3', '1', '<p>xxx</p>', '5', '4', '0', '3', '', '1', '', '', '', '0', '1516775323', '1517382727', '1519786971');
INSERT INTO `shop_product` VALUES ('13', '九阴真经', 'adsfsaf', '20180326/41e1e00df0389c93c09dc9e4bc152b27.jpg', 'thumb\\1523184329.JPG', '333', '7', '1', '1', '2', '23.00', '22.00', '1', '2018-04-13 22:01:00', '230', '340', '43', '1', '234', '4', '1', null, '0', '0', '0', '1', '', '0', '打发打发', '', '打发打发', '5', null, '1523184400', '1523184400');

-- ----------------------------
-- Table structure for shop_role
-- ----------------------------
DROP TABLE IF EXISTS `shop_role`;
CREATE TABLE `shop_role` (
  `id` int(11) unsigned NOT NULL AUTO_INCREMENT,
  `name` varchar(33) NOT NULL,
  `description` varchar(33) NOT NULL COMMENT '描述',
  `is_super` int(1) NOT NULL DEFAULT '1' COMMENT '1-否  2-是',
  `sort` int(1) NOT NULL DEFAULT '0',
  `create_time` int(11) DEFAULT '0',
  `update_time` int(11) NOT NULL DEFAULT '0',
  PRIMARY KEY (`id`)
) ENGINE=InnoDB AUTO_INCREMENT=8 DEFAULT CHARSET=utf32;

-- ----------------------------
-- Records of shop_role
-- ----------------------------
INSERT INTO `shop_role` VALUES ('1', '超级管理员', '超级管理员11', '2', '0', '1521020389', '1521020429');
INSERT INTO `shop_role` VALUES ('2', '管理员', '管理员ddd', '2', '0', '1521020389', '1521020389');
INSERT INTO `shop_role` VALUES ('3', '理货员', '理货员', '1', '0', '1521020389', '1521020389');
INSERT INTO `shop_role` VALUES ('4', '发货员', '发货员', '1', '0', '1521020389', '1521020389');
INSERT INTO `shop_role` VALUES ('5', '柜台管理员', '柜台管理员', '1', '0', '1521020389', '1521020389');
INSERT INTO `shop_role` VALUES ('6', '发票员', '发票员113', '2', '0', '1521020389', '1521020389');
INSERT INTO `shop_role` VALUES ('7', '收银员', '收银员', '1', '0', '1521973760', '1521973760');

-- ----------------------------
-- Table structure for shop_role_power
-- ----------------------------
DROP TABLE IF EXISTS `shop_role_power`;
CREATE TABLE `shop_role_power` (
  `id` int(11) unsigned NOT NULL AUTO_INCREMENT,
  `power_id` int(11) NOT NULL,
  `role_id` int(11) NOT NULL,
  PRIMARY KEY (`id`)
) ENGINE=InnoDB AUTO_INCREMENT=219 DEFAULT CHARSET=utf32;

-- ----------------------------
-- Records of shop_role_power
-- ----------------------------
INSERT INTO `shop_role_power` VALUES ('120', '1', '2');
INSERT INTO `shop_role_power` VALUES ('121', '3', '2');
INSERT INTO `shop_role_power` VALUES ('122', '8', '2');
INSERT INTO `shop_role_power` VALUES ('123', '9', '2');
INSERT INTO `shop_role_power` VALUES ('124', '10', '2');
INSERT INTO `shop_role_power` VALUES ('125', '14', '2');
INSERT INTO `shop_role_power` VALUES ('126', '5', '2');
INSERT INTO `shop_role_power` VALUES ('127', '1', '4');
INSERT INTO `shop_role_power` VALUES ('128', '3', '4');
INSERT INTO `shop_role_power` VALUES ('129', '8', '4');
INSERT INTO `shop_role_power` VALUES ('130', '9', '4');
INSERT INTO `shop_role_power` VALUES ('131', '10', '4');
INSERT INTO `shop_role_power` VALUES ('132', '4', '4');
INSERT INTO `shop_role_power` VALUES ('133', '2', '4');
INSERT INTO `shop_role_power` VALUES ('134', '7', '4');
INSERT INTO `shop_role_power` VALUES ('135', '13', '4');
INSERT INTO `shop_role_power` VALUES ('136', '5', '4');
INSERT INTO `shop_role_power` VALUES ('137', '6', '4');
INSERT INTO `shop_role_power` VALUES ('138', '11', '4');
INSERT INTO `shop_role_power` VALUES ('139', '12', '4');
INSERT INTO `shop_role_power` VALUES ('203', '1', '1');
INSERT INTO `shop_role_power` VALUES ('204', '4', '1');
INSERT INTO `shop_role_power` VALUES ('205', '15', '1');
INSERT INTO `shop_role_power` VALUES ('206', '16', '1');
INSERT INTO `shop_role_power` VALUES ('207', '17', '1');
INSERT INTO `shop_role_power` VALUES ('208', '2', '1');
INSERT INTO `shop_role_power` VALUES ('209', '7', '1');
INSERT INTO `shop_role_power` VALUES ('210', '13', '1');
INSERT INTO `shop_role_power` VALUES ('211', '18', '1');
INSERT INTO `shop_role_power` VALUES ('212', '19', '1');
INSERT INTO `shop_role_power` VALUES ('213', '21', '1');
INSERT INTO `shop_role_power` VALUES ('214', '27', '1');
INSERT INTO `shop_role_power` VALUES ('215', '5', '1');
INSERT INTO `shop_role_power` VALUES ('216', '6', '1');
INSERT INTO `shop_role_power` VALUES ('217', '11', '1');
INSERT INTO `shop_role_power` VALUES ('218', '12', '1');

-- ----------------------------
-- Table structure for shop_state
-- ----------------------------
DROP TABLE IF EXISTS `shop_state`;
CREATE TABLE `shop_state` (
  `id` int(11) unsigned NOT NULL AUTO_INCREMENT,
  `state` varchar(255) NOT NULL COMMENT '库存状态',
  PRIMARY KEY (`id`)
) ENGINE=InnoDB AUTO_INCREMENT=10 DEFAULT CHARSET=utf32;

-- ----------------------------
-- Records of shop_state
-- ----------------------------
INSERT INTO `shop_state` VALUES ('1', '库存充足');
INSERT INTO `shop_state` VALUES ('2', '脱销');
INSERT INTO `shop_state` VALUES ('3', '预定');
INSERT INTO `shop_state` VALUES ('4', '1至3周销售');
INSERT INTO `shop_state` VALUES ('5', '1至3天销售');
INSERT INTO `shop_state` VALUES ('6', '1-7天销售');
INSERT INTO `shop_state` VALUES ('7', '仅剩五件');
INSERT INTO `shop_state` VALUES ('8', '仅剩一件');
INSERT INTO `shop_state` VALUES ('9', '暂无');

-- ----------------------------
-- Table structure for shop_type
-- ----------------------------
DROP TABLE IF EXISTS `shop_type`;
CREATE TABLE `shop_type` (
  `id` int(11) unsigned NOT NULL AUTO_INCREMENT,
  `name` varchar(20) NOT NULL,
  `create_time` int(20) NOT NULL,
  `update_time` int(20) NOT NULL,
  `sort` varchar(11) NOT NULL,
  `pid` int(11) NOT NULL DEFAULT '0' COMMENT '父级id',
  PRIMARY KEY (`id`)
) ENGINE=InnoDB AUTO_INCREMENT=9 DEFAULT CHARSET=utf32;

-- ----------------------------
-- Records of shop_type
-- ----------------------------
INSERT INTO `shop_type` VALUES ('1', '图书', '1521690723', '1521690723', '1', '0');
INSERT INTO `shop_type` VALUES ('2', '手机', '1521690757', '1521690757', '1', '0');
INSERT INTO `shop_type` VALUES ('3', '家具', '1521691022', '1521691022', '1', '0');
INSERT INTO `shop_type` VALUES ('4', '惊悚', '1521691039', '1521691039', '3', '1');
INSERT INTO `shop_type` VALUES ('5', '国产手机', '1521691087', '1521691087', '2', '2');
INSERT INTO `shop_type` VALUES ('6', 'oppo', '1521691127', '1521691127', '2', '5');
INSERT INTO `shop_type` VALUES ('7', '言情', '1521700125', '1521700125', '2', '1');
INSERT INTO `shop_type` VALUES ('8', '华为', '1521706439', '1521706439', '3', '5');

-- ----------------------------
-- Table structure for shop_user
-- ----------------------------
DROP TABLE IF EXISTS `shop_user`;
CREATE TABLE `shop_user` (
  `id` int(10) unsigned NOT NULL AUTO_INCREMENT,
  `email` varchar(30) NOT NULL,
  `name` varchar(30) NOT NULL,
  `password` varchar(32) NOT NULL,
  `create_time` int(11) NOT NULL,
  `update_time` int(11) NOT NULL,
  `status` int(1) NOT NULL DEFAULT '1' COMMENT '1-未激活，2-激活',
  PRIMARY KEY (`id`)
) ENGINE=MyISAM AUTO_INCREMENT=8 DEFAULT CHARSET=utf8;

-- ----------------------------
-- Records of shop_user
-- ----------------------------
INSERT INTO `shop_user` VALUES ('1', '43784394@qq.com', '张三', '123456', '0', '0', '1');
INSERT INTO `shop_user` VALUES ('2', '43784394@qq.com', '张三', '123456', '0', '0', '1');
INSERT INTO `shop_user` VALUES ('3', '43784394@qq.com', '张三', '123456', '0', '0', '1');
INSERT INTO `shop_user` VALUES ('4', '43784394@qq.com', '张三', '123456', '0', '0', '1');
INSERT INTO `shop_user` VALUES ('5', '43784394@qq.com', '张三', '123456', '0', '0', '1');
INSERT INTO `shop_user` VALUES ('6', '842519526@qq.com', '王五', '123456', '0', '0', '2');
INSERT INTO `shop_user` VALUES ('7', '1746671042@qq.com', 'huxiaole', 'e10adc3949ba59abbe56e057f20f883e', '1523245817', '1523245817', '1');

-- ----------------------------
-- Table structure for shop_weight
-- ----------------------------
DROP TABLE IF EXISTS `shop_weight`;
CREATE TABLE `shop_weight` (
  `id` int(11) unsigned NOT NULL AUTO_INCREMENT,
  `weight` varchar(255) NOT NULL,
  PRIMARY KEY (`id`)
) ENGINE=InnoDB AUTO_INCREMENT=6 DEFAULT CHARSET=utf32;

-- ----------------------------
-- Records of shop_weight
-- ----------------------------
INSERT INTO `shop_weight` VALUES ('1', '吨');
INSERT INTO `shop_weight` VALUES ('2', '千克');
INSERT INTO `shop_weight` VALUES ('3', '斤');
INSERT INTO `shop_weight` VALUES ('4', '克');
INSERT INTO `shop_weight` VALUES ('5', '毫克');
